2020-10-04 23:59:56,b'TimiOmotoso',"b'\xe2\x80\x9c209,807 deaths US\xe2\x80\x9d #COVID19 #Coronavirus 10/4/20 #NeverForget \xf0\x9f\x99\x8f\xf0\x9f\x8f\xbf'"
2020-10-04 23:59:42,b'tabbyday',b'@wasteph_wes A 2020 US Military Study found that getting a #flu shot raises your risk of #coronavirus by 36%\n\nhttps://t.co/UNDwEhoQ9o'
2020-10-04 23:59:41,b'angsuman',"b""Moderna CEO says its #CoronaVirus vaccine won't be ready until spring 2021 https://t.co/A2bAnDyzYy"""
2020-10-04 23:59:27,b'YiddishNews',"b'Israel: BD\xe2\x80\x9dE, Pittsburger Rebbe z\xe2\x80\x9dl passes away from the #coronavirus at age 64, Levaya tomorrow https://t.co/g4UwV1k3GS'"
2020-10-04 23:59:19,b'curtquin',b'https://t.co/NJcQuxf2RN .. now if this fool have the #coronavirus why in the hell they let him come out like that t\xe2\x80\xa6 https://t.co/LfYrNYyvdG'
2020-10-04 23:59:14,b'gulf_news',b'#COVID19\n#Mexico says 103-year-old woman with chronic lung disease survives #coronavirus \nhttps://t.co/ZJ4mfdDCwK'
2020-10-04 23:59:08,b'tabbyday',b'@scott_anderson @LisaMarieBoothe A 2020 US Military Study found that getting a #flu shot raises your risk of\xe2\x80\xa6 https://t.co/AJlFYzkhNc'
2020-10-04 23:58:32,b'EmmettKeane',b'It\xe2\x80\x99s funny to watch people howl about how @realDonaldTrump is putting the Secret Sevice in danger this evening. He\xe2\x80\xa6 https://t.co/uw1F286TaT'
2020-10-04 23:58:15,b'TUnamerican',b'@DrGJackBrown @loop_moebius Remember he flew to Walter Reed when driving was more of han possible.  Was the entire\xe2\x80\xa6 https://t.co/9OmTj3UVah'
2020-10-04 23:58:14,b'NewsMedical',b'Identifying cardiopulmonary processes involved in severe COVID-19 https://t.co/tQ7PCxzspc @medrxivpreprint\xe2\x80\xa6 https://t.co/f97ZuB4q8G'
2020-10-04 23:58:05,b'tabbyday',b'@Liah_Chanelle A 2020 US Military Study found that getting a #flu shot raises your risk of #coronavirus by 36%\n\nhttps://t.co/UNDwEhoQ9o'
2020-10-04 23:58:00,b'gulf_news',b'#COVID19 \nThree-quarters of #Oman infections reported in #Muscat and #Batinah #coronavirus \nhttps://t.co/Iws1FgmbyS'
2020-10-04 23:57:54,b'NewsMedical',b'@medrxivpreprint Identifying cardiopulmonary processes involved in severe COVID-19 https://t.co/tQ7PCxzspc\xe2\x80\xa6 https://t.co/A7XqQOVe6S'
2020-10-04 23:57:53,b'EdRonline',b'\xe2\x80\x98This is insanity\xe2\x80\x99: #WalterReed physician among critics of Trump drive-by visit #covid #covid19 #coronavirus \n\nPres\xe2\x80\xa6 https://t.co/dY3KiaLsfV'
2020-10-04 23:57:46,b'portarican_RT',b'The #POTUS left the hospital despite being positive for #coronavirus and supposedly being symptomatic. I know we fe\xe2\x80\xa6 https://t.co/oZjsWwv7Hd'
2020-10-04 23:57:39,b'deployAstro',b'@realDonaldTrump #TrumpGotCovid &amp; his cult still believe #Coronavirus is a hoax.\n\nBut keep on... less #Republicans\xe2\x80\xa6 https://t.co/JEg1XFaPlJ'
2020-10-04 23:57:31,b'GlobalPandemics',"b""ALERT: A shadowy figure, an 'ambush': Officers give jumbled\naccounts of night Breonna Taylor died - Global Pandemic\xe2\x80\xa6 https://t.co/NZw84yR02b"""
2020-10-04 23:57:30,b'detroitbliss',b'@BudrykZack @TheHillTimes \nMore #FakeNews. You cannot get into the White House or near The President without taking\xe2\x80\xa6 https://t.co/zFKCHHon0u'
2020-10-04 23:57:08,b'bcomininvisible',b'@jeremy_hume @10DowningStreet @Conservatives @BorisJohnson I\xe2\x80\x99m sure data from August is highly relevant\nWe were wor\xe2\x80\xa6 https://t.co/uNMVYLM2M9'
2020-10-04 23:56:44,b'WakoJoel',b'Democrat @JoeBiden opened his widest lead in a month in the U.S. presidential race after President Donald Trump tes\xe2\x80\xa6 https://t.co/cevtrubQ20'
2020-10-04 23:56:39,b'covid19tweetz',"b""Covid19 Updates(INDIA)\n\nLast updated on : 05/10/2020 01:46:50\n\nToday's Report:\nNew Cases : 74,770\nNew Recoveries: 7\xe2\x80\xa6 https://t.co/4hONU10IdY"""
2020-10-04 23:56:28,b'MediaActive',"b'20,000 EMPTY chairs on the Washington DC national mall to signify every x 10+ &amp; growing #USA citizens killed by\xe2\x80\xa6 https://t.co/vvdZD2hxuI'"
2020-10-04 23:55:54,b'PeterPatriot4',"b""I'm starting to wonder if #Trump even had #coronavirus or if this is all just political theater.."""
2020-10-04 23:55:47,b'PhillyPartTwo',b'#Trump not caring about #coronavirus until he had it is like a Republican congressperson that hates gay people unti\xe2\x80\xa6 https://t.co/81s8oDNZly'
2020-10-04 23:55:02,b'Lovie0210',b'Mark my words:  @realDonaldTrump doesn\xe2\x80\x99t have #COVID19 He wasn\xe2\x80\x99t to say the #Coronavirus isn\xe2\x80\x99t as bad as everyone i\xe2\x80\xa6 https://t.co/doeJHPiCax'
2020-10-04 23:55:01,b'portarican_RT',b'@sunshineday250 @BillKristol Yup....he even talked himself into #coronavirus . Smh. https://t.co/wUA3IRkKIC'
2020-10-04 23:54:45,b'Caretaker_Cat',b'@Waldrada @masturdebater1 @ParryBlp40 @DrPhillipsMD @FLOTUS Admit I am very sad when I see all these people who are\xe2\x80\xa6 https://t.co/p43yhOuPGB'
2020-10-04 23:54:42,b'CoronaRecovery',b'3419960 people recovered from Corona today. Total Corona virus recoveries: 26003473 \n \n Source: WHO Situation Repor\xe2\x80\xa6 https://t.co/TZaBkaE3vO'
2020-10-04 23:54:36,b'dipschwantz',b'@DrDis_isBack Yep! His supporters get to watch him contaminate his secret service agents with #Coronavirus #FoxNews'
2020-10-04 23:54:19,b'portarican_RT',b'@ColorMeRed @sunshineday250 @DrPhillipsMD Yeah.. thats a great question right there. WHY did they let him. I WILL t\xe2\x80\xa6 https://t.co/thzqnzpeaR'
2020-10-04 23:54:18,b'tabbyday',b'@stacyhere A 2020 US Military Study found that getting a #flu shot raises your risk of #coronavirus by 36%\n\nhttps://t.co/UNDwEhoQ9o'
2020-10-04 23:54:15,b'IAM__Network',"b'Nearly 16,000 virus cases missed in daily figures \n\nREAD MORE: https://t.co/9OPLw3B3qj\n\n#cdc #coronavirus #covid19\xe2\x80\xa6 https://t.co/P1Zu98YbzQ'"
2020-10-04 23:54:13,b'ninjaswat',b'@chrisrock \xe2\x80\x9c the #Coronavirus hit us so bad because of the @TheDemocrats wanted to impeached @realDonaldTrump .\xe2\x80\x9d Th\xe2\x80\xa6 https://t.co/3PPBSirwv7'
2020-10-04 23:54:12,b'GuamDEH',b'Hafa adai Guam!\n\nDPHSS Guidance Memo 2020-040 Re: Minimum Requirements for Places of Worship.\n\n#health #safety\xe2\x80\xa6 https://t.co/7WShIxPpQL'
2020-10-04 23:54:10,b'FalconYourHero',b'@glennkirschner2 @GravitySerious What self respecting doctor releases a patient for a publicity stunt endangering d\xe2\x80\xa6 https://t.co/9Hdk5nIBQU'
2020-10-04 23:53:42,b'DebraISchafer',b'I want to know who is going to have the balls (or similar) to tell Trump to kiss their ass and turn and walk away w\xe2\x80\xa6 https://t.co/A2aCN0NoqH'
2020-10-04 23:53:41,b'jgirvin',b'#MoronInChief @realDonaldTrump has had a #coronavirus epiphany \xe2\x80\x9cI learned a lot about Covid. I learned it by really\xe2\x80\xa6 https://t.co/5v56673OLk'
2020-10-04 23:53:32,b'TUnamerican',b'...Was this Trump #coronavirus to #COVID19 episode a ruse?  Was this a complete Trump fiasco? https://t.co/pQBr1y91Xl'
2020-10-04 23:53:25,b'CaptainAlex8',b'Just leaving this out here cause science and morality. \n\n#EverythingTrumpTouchesDies \n#MAGA \n#MAGAFail \n#TrumpCovid\xe2\x80\xa6 https://t.co/yWOvOMMyV9'
2020-10-04 23:53:24,b'EdRonline',"b'Trump\xe2\x80\x99s New Jersey event showed perilous neglect for his staff, supporters \xe2\x80\x93 and himself #covid19 #coronavirus\xe2\x80\xa6 https://t.co/ALFLjtAF1f'"
2020-10-04 23:53:14,b'DetailsYemen',"b'#Egypt reports 108 new #coronavirus cases, 11 deaths on Sunday\nhttps://t.co/0YHdx0Uqzi'"
2020-10-04 23:52:53,b'2011teacher',b'Trump Didn\xe2\x80\x99t Even Try to Keep His Own People Safe\n\nTrump apparently took no measures to protect his political advis\xe2\x80\xa6 https://t.co/r54vesiJLl'
2020-10-04 23:52:50,b'2stepnmonkey',b'It amazes me that after 7 months we still haven\xe2\x80\x99t learned how too handle #COVID19. As soon as we have any positive\xe2\x80\xa6 https://t.co/jfsZ8aJxvq'
2020-10-04 23:52:35,b'Stijl',b'3 congressmen flew on a commercial Delta flight after a journey on Air Force One with President Trump #coronavirus\xe2\x80\xa6 https://t.co/4kzEjDljtR'
2020-10-04 23:52:07,b'NewsThaivisa',"b""Experts raise questions about severity of Trump's COVID-19 https://t.co/nzDMGhJ6qw #usa #coronavirus #covid19 https://t.co/kGWUnPqzcB"""
2020-10-04 23:51:55,b'JKDubai1',b'@Defender_747 @malihadubai @javiqbal09 @gondalpatriot @naziarubbani @RanaMasoodAli1 @_saramunir @vividsalim\xe2\x80\xa6 https://t.co/ORVRgFfps2'
2020-10-04 23:51:44,b'JDArtist',"b'Just gonna leave this here...\n\n\xe2\x81\xa6#ChrisChristie\xe2\x81\xa9: Americans are ""gonna have to"" accept high #coronavirus death tolls\xe2\x80\xa6 https://t.co/QxyORNKKRu'"
2020-10-04 23:51:44,b'BbFLifeCoach',"b""Coronavirus or Allergies? Family Adventures | The Washington's https://t.co/lXBts4KhHh\n#COVID19 #coronavirus\xe2\x80\xa6 https://t.co/D7gCbPE2C9"""
2020-10-04 23:51:42,b'slavayachnin',b'Victoria records 9 new coronavirus infections and now has 227 active cases. Melbourne 14-day rolling case average f\xe2\x80\xa6 https://t.co/lbZSMq2JPv'
2020-10-04 23:51:33,b'2011teacher',"b'COVID-Positive Trump Ignores CDC Advice to Take Joyride, With Grim Secret Service Agents in Tow\n\nTrump left Walter\xe2\x80\xa6 https://t.co/knxgZfhnnq'"
2020-10-04 23:51:30,b'TUnamerican',"b'The question which is clearly is now on the table ...""Was the Trump #coronavirus to #COVID19 episode a ruse?"" Was t\xe2\x80\xa6 https://t.co/3OgT50Qi6o'"
2020-10-04 23:50:53,b'wgbarnes615',"b'\xe2\x80\x9cPeople never tested for COVID-19 report calls saying that they\xe2\x80\x99re infected."" See article below and other articles\xe2\x80\xa6 https://t.co/6UQmAmseJS'"
2020-10-04 23:50:51,b'JamieCinotto',b'- Economic Calendar - Top 5 Things to Watch This Week #investing #stockmarket #economy #politics #volatility\xe2\x80\xa6 https://t.co/YEjcaspPcv'
2020-10-04 23:50:44,b'IngerWoman',"b'@ddale8 I know #coronavirus can cause the loss of taste \xf0\x9f\x91\x85 &amp; smell \xf0\x9f\x91\x83\xf0\x9f\x8f\xbb\xe2\x80\x94 but apparently hearing too, because @realDonaldTrump is TONE DEAF!'"
2020-10-04 23:50:33,b'jgirvin',b'@realDonaldTrump #AskingForAFriend is part of #MAGA getting #coronavirus ??? #TrumpLied200KAmericansdied\xe2\x80\xa6 https://t.co/8qHIl9eL3l'
2020-10-04 23:50:21,b'OneNebulaHealth',"b'Coronavirus In Maryland: 712 New COVID-19 Cases Reported, Hospitalizations Down  #healthcare #insurance #covid19\xe2\x80\xa6 https://t.co/tQYC9GgI9L'"
2020-10-04 23:50:17,b'denio_vale',"b'\xe2\x80\x9cIt\xe2\x80\x99s very clear: If you are zinc deficient, your immune system will not function as well,\xe2\x80\x9d said Dr. David Hafler,\xe2\x80\xa6 https://t.co/LERhG1uAdu'"
2020-10-04 23:50:02,b'CSCarrigan',"b'#Secrets of a #medicalintuitive, #howto clear Post Traumatic Stress Disorder #PTSD while living through the #trauma\xe2\x80\xa6 https://t.co/xL9sQ3BxpC'"
2020-10-04 23:50:02,b'todaygame',"b'#Secrets of a #medicalintuitive, #howto clear Post Traumatic Stress Disorder #PTSD while living through the #trauma\xe2\x80\xa6 https://t.co/V4vgFAnjL8'"
2020-10-04 23:50:02,b'UkHealing',"b'#Secrets of a #medicalintuitive, #howto clear Post Traumatic Stress Disorder #PTSD while living through the #trauma\xe2\x80\xa6 https://t.co/t8Hdbj03x1'"
2020-10-04 23:50:02,b'_covid_19_bot_',"b'Cases: 35,058,282 (+32,286) \nDeaths: 1,035,452 (+244) \nRecovered: 24,405,172 (+25,675) \nActive Cases: 10,653,110 (3\xe2\x80\xa6 https://t.co/Qh07vmUzOJ'"
2020-10-04 23:49:47,b'DoctorPositive1',b'-2nd wave of #ChineseVirus i.e #COVID19 is on the verge to hit Europe Again. Good luck to them for the handling it\xe2\x80\xa6 https://t.co/FoTsmmb0tP'
2020-10-04 23:49:34,b'PanahonTV',"b'How was your first day so far? \n\nUnder the Department of Education\xe2\x80\x99s blended learning program amid the pandemic, cl\xe2\x80\xa6 https://t.co/NGBNDp2g3J'"
2020-10-04 23:49:32,b'diverdown48',"b""this showman's show will soon be cancelled #Nov3 #WearAMask #JoeBiden #VoteBlue #resist #CoronaVirus\xe2\x80\xa6 https://t.co/OP1gyfVCHR"""
2020-10-04 23:49:00,b'Annie___Harris',b'@OwenJones84 Due to #COVID19aka #Coronavirus I\xe2\x80\x99ll be sending the first 700 people to like &amp; retweet this $900-$1900\xe2\x80\xa6 https://t.co/7AxQ9e740u'
2020-10-04 23:48:51,b'TooFred',b'BET IT WAS EARLIER THAN THAT!!!\n.@realDonaldTrump didn\xe2\x80\x99t disclose a positive result from a rapid test for #Covid19\xe2\x80\xa6 https://t.co/2Zq7CusPE8'
2020-10-04 23:48:50,b'Barouf2',"b'@CMichaelGibson US President appears to be in great shape- And good look that in no way reflects poor health, assum\xe2\x80\xa6 https://t.co/6E8GqwxwNP'"
2020-10-04 23:48:46,b'KathleenFOX5',b'Several media outlets reporting #JoeBiden has tested negative for #coronavirus a third time.'
2020-10-04 23:48:32,b'BErickson_BIO',b'The photo of  Secret Service agents in the car with #Trump wearing N95 masks sitting in a sealed SUV. N95 masks can\xe2\x80\xa6 https://t.co/RHvrIpIkKB'
2020-10-04 23:48:30,b'theage',"b'Year 7 students will return to their classrooms alongside all primary school and VCE students next Monday, while ye\xe2\x80\xa6 https://t.co/9QhNAI4GTw'"
2020-10-04 23:48:01,b'jbowe84',"b""It's October, has the #Coronavirus disappeared magically yet?"""
2020-10-04 23:47:55,b'Aroguden',b'#Paris restaurants will be allowed to stay open -- but under tightened restrictions -- when the city is placed on m\xe2\x80\xa6 https://t.co/7Qwf7N0NWL'
2020-10-04 23:47:52,b'flutiedawg',b'@LisaMarieBoothe @LoveIsIt61 This is a serious question\n\nWhy are people that are social distancing and wearing mask\xe2\x80\xa6 https://t.co/nr6ScKYNa0'
2020-10-04 23:47:48,b'jshoreboston',"b'@sjb61335 @kayleighmcenany @realDonaldTrump @coronavirus @PressSec @POTUS @TeamTrump @TeamJoe @JoeBiden ""Age"" is no\xe2\x80\xa6 https://t.co/8XPloT0Q0r'"
2020-10-04 23:47:43,b'BiomedJ',"b'As #influenza season approaches, some people in northern hemisphere worry that it may not be easy to know if they h\xe2\x80\xa6 https://t.co/poY2muziIj'"
2020-10-04 23:47:34,b'TUnamerican',"b'That sir is true, however the question on the table is was this Trump #coronavirus to #COVID19 a ruse? A complete f\xe2\x80\xa6 https://t.co/qc7LxIVQKp'"
2020-10-04 23:47:09,b'irishmednews',b'\xe2\x80\x98This is insanity\xe2\x80\x99: Walter Reed physician among critics of #Trump drive-by #COVID19ireland #coronavirus #COVID19\xe2\x80\xa6 https://t.co/4ryHgXfaRd'
2020-10-04 23:47:02,b'Musc96',"b'#Trump, #Pence, the #GOP, and all Trump supporters, #MAGAt\xe2\x80\x99s can\xe2\x80\x99t lie to the #Coronavirus! \n\n#FAM46 https://t.co/I4MVd47pZk'"
2020-10-04 23:47:02,b'schestowitz',b'#Coronavirus cases in #uk now at over half a million with 8k new cases disclosed late on a Sunday. The past week ha\xe2\x80\xa6 https://t.co/AfJ6y3YdcL'
2020-10-04 23:46:53,b'DrAnthony',b'Controlling the Emotion of Negotiation https://t.co/FjVrSb0LoQ #Sunday #SundayThoughts #SundayFeels #Career #Jobs\xe2\x80\xa6 https://t.co/Vr5MMFx2Vr'
2020-10-04 23:46:18,b'MohammedAbbasi',b'Faithful rejoice as #Makkah Grand Mosque receives #Umrah pilgrims. Resumption of pilgrimages from Sunday follows se\xe2\x80\xa6 https://t.co/1Eg6eErB6E'
2020-10-04 23:46:14,b'ricklevy67',"b""@realDonaldTrump Is the world's biggest #SuperSpreader of #coronavirus misinformation, #Trump mocked #JoeBiden for\xe2\x80\xa6 https://t.co/awsnZnhpZD"""
2020-10-04 23:46:11,b'bitcoinconnect',b'Trump campaign adviser spars with Chris Wallace over debate SEE MORE HERE ==&gt; https://t.co/17tvuUF1rw  #proudboys\xe2\x80\xa6 https://t.co/Cv0Q5PfTHB'
2020-10-04 23:46:05,b'Asta28832509',b'@marklutchman Yes!! Yes and yes I did!!\nIt was most likely during debates. Done by Democrats &amp; Chris Wallace\xe2\x80\x99s team\xe2\x80\xa6 https://t.co/nTpReaswGa'
2020-10-04 23:45:57,b'GlobalPandemics',b'ALERT: N.Y.P.D. Warns Officers: Wear Your Masks - Global Pandemic News | #Coronavirus #COVID19 #Protests -\xe2\x80\xa6 https://t.co/gAb3wk8bTR'
2020-10-04 23:45:42,b'NCAdvertiser',"b'There is going to be another round of free face masks available for bus, and train riders in Connecticut tomorrow.\xe2\x80\xa6 https://t.co/MYx6DxnR4x'"
2020-10-04 23:45:37,b'CarlNyberg312',"b'""I never read that God wants us to be stupid.""--the Right Wing uncle on #coronavirus'"
2020-10-04 23:45:25,b'WakoJoel',b'An attending physician at Walter Reed National Military Medical Center swiped at President Trump for leaving his ho\xe2\x80\xa6 https://t.co/1R1b2bB9SY'
2020-10-04 23:45:25,b'GlobalPandemics',b'ALERT: AG William Barr to self-quarantine for several days out of\ncaution - Global Pandemic News | #Coronavirus\xe2\x80\xa6 https://t.co/AsTHohBQKT'
2020-10-04 23:45:02,b'mpls_mom',b'@IvankaTrump Trump \xe2\x80\x9cworks\xe2\x80\x9d more with #coronavirus than without. \xf0\x9f\xa4\x94'
2020-10-04 23:44:33,b'wildwillie13',b'@JoeBiden tests NEGATIVE today for #Covid19\n@realDonaldTrump staying POSITIVE for #Coronavirus'
2020-10-04 23:44:03,b'escalatorover',b'@justgeorgeous2 @AnnastaciaMP as Europe shows WE can and have lived with all previous #Coronavirus including as we\xe2\x80\xa6 https://t.co/9umTgPWGSG'
2020-10-04 23:43:36,b'megastark3',b'Hey everyone! Nepotism boy @DonaldJTrumpJr says \xe2\x80\x9cThe backlash against my daddy #DonaldTrump having #covid is way be\xe2\x80\xa6 https://t.co/OTz5qCOGqx'
2020-10-04 23:43:35,b'AlArabiya_Eng',"b'Nine #US states are reporting record increases in #coronavirus cases over the last seven days, mostly in the upper\xe2\x80\xa6 https://t.co/nYwtQBJUrd'"
2020-10-04 23:43:35,b'NikkeiAsia',b'#Coronavirus latest: Trump briefly leaves hospital to greet supporters\n\nFollow the latest #COVID19 news on the Nikk\xe2\x80\xa6 https://t.co/JyVUqtKT8k'
2020-10-04 23:42:53,b'drbocamo',b'@realDonaldTrump I Love \xe2\x9d\xa4\xef\xb8\x8f You \xf0\x9f\x87\xba\xf0\x9f\x87\xb8Mr. President\xf0\x9f\x87\xba\xf0\x9f\x87\xb8! \n@realDonaldTrump &amp; @FLOTUS!\nMY PRAYERS &amp; VIGIL CANDLES for you b\xe2\x80\xa6 https://t.co/QGSuotCRgr'
2020-10-04 23:42:41,b'jenkers_en',b'#Coronavirus: #Paris to shut bars and raise alert to maximum https://t.co/udPFyKgayX https://t.co/zHwI5Gr0pb'
2020-10-04 23:42:32,b'JkwalkerAuthor',"b""From Jeffrey K. Walker's Blog:\n Maybe I Like People After All? https://t.co/ZplftX1VqJ #coronavirus #drbirx https://t.co/PiYzRxlQlX"""
2020-10-04 23:42:20,b'kyodo_english',"b'U.S. President Donald #Trump, who has been hospitalized for treatment for the novel #coronavirus, is doing well and\xe2\x80\xa6 https://t.co/erRzfRUgDL'"
2020-10-04 23:42:11,b'GlobalPandemics',b'ALERT: New Yorkers Close Fifth Avenue to Support Donald Trump as He\nFights Coronavirus - Global Pandemic News |\xe2\x80\xa6 https://t.co/N20j0IyMFq'
2020-10-04 23:42:07,b'jackruffin1',"b'With your leadership Dan, we are about to create history by beating  a second wave of this virus. \nNo deaths today!\xe2\x80\xa6 https://t.co/9arBOG3qzL'"
2020-10-04 23:41:54,b'flutiedawg',b'Why are people that are social distancing and wearing masks still getting the usual change of season colds?\xe2\x80\xa6 https://t.co/d4T49MHZS7'
2020-10-04 23:41:53,b'TheLiberalPOV',"b'@washingtonpost The @GOP, the #PartyOfStupid is paying the price for being ignorant and not believing in Science.\xe2\x80\xa6 https://t.co/U2ssGymSXt'"
2020-10-04 23:41:37,b'GuessCasesVic',b'There has been a total of 9 new cases and 0 deaths recorded in the past 24 hours. #covid #covid19 #victoria\xe2\x80\xa6 https://t.co/KjQI3kX9px'
2020-10-04 23:41:16,b'Aroguden',b'BREAKING: Campaign says Joe #Biden tested #Negative for #Coronavirus on Sunday as Democratic nominee plans campaign\xe2\x80\xa6 https://t.co/Rc65kMAAYF'
2020-10-04 23:41:09,b'beehive1027',b'Remember.... you people wanted him dead from #coronavirus by now https://t.co/wJJsSVhtox'
2020-10-04 23:41:05,b'elflautin',b'@realDonaldTrump Driving around in a car is not staying in Quarantine! a**hole.! You bring two others in danger to\xe2\x80\xa6 https://t.co/FyVwMA5JPC'
2020-10-04 23:41:00,b'jamesvgingerich',b'#ThingsToDo during the #CoronaVirus #Quarantine. Number 31.  Jazz up your #RemoteWork lifestyle by adding a levitat\xe2\x80\xa6 https://t.co/CeLIgvApi1'
2020-10-04 23:40:40,b'ianmsantos',b'Of course a #Coronavirus-ridden Trump would endanger the lives of his Secret Service detail. This is a monster who\xe2\x80\xa6 https://t.co/vkI9c2oZdt'
2020-10-04 23:40:30,b'kyodo_english',"b'Japanese designer Kenzo Takada, who spent most of his career at the heart of the French fashion industry, died Sund\xe2\x80\xa6 https://t.co/bAajLdPe2P'"
2020-10-04 23:40:03,b'motikahana',b'@charliekirk11 And you think it\xe2\x80\x99s a good idea ? #coronavirus'
2020-10-04 23:40:02,b'KMJNOW',b'The secretive group at the center of the nation\xe2\x80\x99s largest #vaccine trials.. #Coronavirus  \nhttps://t.co/iz4lE18bfx'
2020-10-04 23:40:02,b'ITSecurityWire',"b'Despite the rise of worldwide #Coronavirus contact-tracing mobile apps, it appears that developers have lagged in i\xe2\x80\xa6 https://t.co/mvmQWJKEii'"
2020-10-04 23:39:56,b'PaulSteveSamuel',b'Prof. @realDonaldTrump now knows more than anyone about #coronavirus. He recommends:\n\n\xf0\x9f\xa7\xa0Hydroxychloroquine.\n\xf0\x9f\xa7\xa0Clorox.\xe2\x80\xa6 https://t.co/ae6ZS8TWPc'
2020-10-04 23:39:56,b'IamJennPenn',b'@realDonaldTrump doesn\xe2\x80\x99t get it about #coronavirus continues to only care about himself and puts subordinates at ri\xe2\x80\xa6 https://t.co/ZpZeG3NeXv'
2020-10-04 23:39:56,b'2011teacher',b'Trump just pulled a political stunt that put the lives of his secret service agents at risk. #immoral #ignorant\xe2\x80\xa6 https://t.co/Es9oK1xtQQ'
2020-10-04 23:39:29,b'ZoraSuleman',"b'The Queen has praised the role of news media organisations during #coronavirus - describing trusted sources as ""vit\xe2\x80\xa6 https://t.co/zVL5QfMmwc'"
2020-10-04 23:39:17,b'kr3at',"b'New York reports 1 new case bringing total confirmed cases there to 499,261 and 33,300 total deaths, with 1,227 new\xe2\x80\xa6 https://t.co/aTFKq2hFex'"
2020-10-04 23:38:59,b'NewsLiebs',b'How many people did he put at risk to take his car ride? #COVID19 #coronavirus https://t.co/5HYV1pwr3K'
2020-10-04 23:38:46,b'ninatypewriter',"b""#Coronavirus #COVID19 TRUMP'S COVID JOYRIDE\nFollow my lists:\nDC https://t.co/7iYmgdC1gL\nNY https://t.co/XRWlBh4VMz\xe2\x80\xa6 https://t.co/lBdYIFAWft"""
2020-10-04 23:38:27,b'Caretaker_Cat',"b'@Waldrada @masturdebater1 @ParryBlp40 @DrPhillipsMD @FLOTUS OK even if he didn\xe2\x80\x99t have oxygen, why did he go into th\xe2\x80\xa6 https://t.co/9XoEuBHljz'"
2020-10-04 23:38:12,b'SojournadaTruth',"b'What kind of narcissist who knows he is infected with the #coronavirus leaves the hospital, endangers the lives of\xe2\x80\xa6 https://t.co/nTMHLFhNm5'"
2020-10-04 23:37:59,b'detroitbliss',b'@SenAmyKlobuchar \n\xe2\x80\x9cFollowing the facts\xe2\x80\x9d?\nThe President never called Chinese #coronavirus a \xe2\x80\x9choax\xe2\x80\x9d. You\xe2\x80\x99re a liar. J\xe2\x80\xa6 https://t.co/3wIBpkBjOV'
2020-10-04 23:37:48,b'MisterTory',b'#WhyAreTheyDoingThis \n\n\xe2\x80\xa2 No Gvt is in charge of counting new #coronavirus cases. Civil servants are.\n\n\xe2\x80\xa2 Only people\xe2\x80\xa6 https://t.co/SlPzRqPN2S'
2020-10-04 23:37:48,b'lumahealthhq',b'Do you know the 1 tactic that can solve many of the biggest challenges facing medical practices today? Find out wha\xe2\x80\xa6 https://t.co/acan5BOtyP'
2020-10-04 23:37:45,b'beehive1027',b'So Trump is responsible for every death from #coronavirus ? https://t.co/vHhTp9CenR'
2020-10-04 23:37:40,b'GollingerH',"b'@washingtonpost @nytimes \n@TCPalmAdamNeal @pbpost @USATODAY @cptime \nFour yrs ago, I told you @realDonaldTrump. has\xe2\x80\xa6 https://t.co/ZnYwXAMjmu'"
2020-10-04 23:37:37,b'Frereop',b'@realDonaldTrump Our thoughts and prayers are with the #coronavirus at this very worrying time.'
2020-10-04 23:37:35,b'kuantancurls',"b""England's handling of the #CoronaVirus is lamentable.\n\nDeadly in its inefficiency. \n\nThis is what happens when you\xe2\x80\xa6 https://t.co/tlOpSu8lqU"""
2020-10-04 23:37:28,b'todaynewsafrica',b'@realDonaldTrump back at hospital after photo op visit to supporters outside that put secret service agents at risk\xe2\x80\xa6 https://t.co/osVrx9hRxP'
2020-10-04 23:37:23,b'john_holiness',b'We should work like Trump is 20 points ahead. Get out the vote. Vote early and in person. HIllary was 14 points ahe\xe2\x80\xa6 https://t.co/6VgawVC2ys'
2020-10-04 23:37:23,b'tedsilvaiii',b'#TraitorTrump \xe2\x80\x9cYou Have Become a Symbol of Your Own Failures\xe2\x80\x9d: CNN\xe2\x80\x99s Jake Tapper Rips Trump\xe2\x80\x99s #Coronavirus Response  https://t.co/EN4nTlLuce'
2020-10-04 23:37:22,b'navy30vet',b'@AnaCabrera @createcraig @DanaBashCNN Hospitals now sprouting more trash in the garden State &amp; wherever\xe2\x80\xa6 https://t.co/gkMSkOTccm'
2020-10-04 23:37:17,b'kr3at',"b'Texas reports 7 new cases bringing total confirmed cases there to 804,332 and 16,505 total deaths, with 1,539 new c\xe2\x80\xa6 https://t.co/QzyMqcd0aN'"
2020-10-04 23:37:09,b'bennel62',b'#Wisconsin #COVID cases mapped and graphed #coronavirus #COVIDIOTS #reopen #FAIL #TrumpVirus\xe2\x80\xa6 https://t.co/0XynluOdKs'
2020-10-04 23:36:39,b'NewsMedical',b'@medrxivpreprint @DerekCorcoranB Modeling viral clades improves prediction of COVID-19 growth rates\xe2\x80\xa6 https://t.co/5sC6qRt8jJ'
2020-10-04 23:36:30,b'Abie23',b'I just can\xe2\x80\x99t understand how 60 million people will still for a person of this behavior #coronavirus #COVID19 https://t.co/1y1R1wyOxH'
2020-10-04 23:36:24,b'RoseofArlVA',"b""There's more to the story of #Trump's 72 hr. #coronavirus.\n\n#Drug effect?: He had his SS staff drive him around the\xe2\x80\xa6 https://t.co/4UfdVVFFB5"""
2020-10-04 23:36:18,b'No2trump2020',b'@realDonaldTrump Trump admitted to Bob Woodward he downplayed #Coronavirus. What makes anyone think he wouldn\xe2\x80\x99t dow\xe2\x80\xa6 https://t.co/BosRb45FuH'
2020-10-04 23:36:17,b'NewsMedical',b'@medrxivpreprint Modeling viral clades improves prediction of COVID-19 growth rates https://t.co/OXXinqRSz8\xe2\x80\xa6 https://t.co/tNpZOFntbs'
2020-10-04 23:36:00,b'sundarivenkat',b'#Grounded during #lockdown #Covid_19 #coronavirus #TheGroomSeries #3 #Romance #HotNewRelease #indie #indiebooks\xe2\x80\xa6 https://t.co/VJ3meUCj5c'
2020-10-04 23:35:58,b'GlobalPandemics',b'ALERT: Canada is Now Pressuring Medical Schools to Teach\nEuthanasia - Global Pandemic News | #Coronavirus #COVID19\xe2\x80\xa6 https://t.co/bXCZsgH0Yk'
2020-10-04 23:35:58,b'denio_vale',"b'\xe2\x80\x9cI\xe2\x80\x99m completely sick,\xe2\x80\x9d Zverev said following his four-set loss to Jannik Sinner, taking the unusual step of leaving\xe2\x80\xa6 https://t.co/YjtPvc1Dx7'"
2020-10-04 23:35:52,b'NewsMedical',b'Modeling viral clades improves prediction of COVID-19 growth rates https://t.co/OXXinr9tXI @medrxivpreprint @UConn\xe2\x80\xa6 https://t.co/doFQ1vpuja'
2020-10-04 23:35:41,b'rooseveltFellow',"b""#Trump says he 'learned #alot' about #coronavirus during treatment: 'This is the real school' #TheHill\xe2\x80\xa6 https://t.co/Ru96oKSWj4"""
2020-10-04 23:35:21,b'DrDenaGrayson',b'\xf0\x9f\x9a\xa8BREAKING. Good news. @JoeBiden tested NEGATIVE for the #coronavirus for the 3rd time since he was potentially expo\xe2\x80\xa6 https://t.co/AKA9l2Jw15'
2020-10-04 23:35:16,b'kr3at',"b'California reports 270 new cases and 7 new deaths bringing total confirmed cases there to 832,833 and 16,147 total\xe2\x80\xa6 https://t.co/CJ6WZ0qZJW'"
2020-10-04 23:35:08,b'FatBanksy',"b'#Democrats like #ChrisWallace effectively ""Blaming the Victim"" &amp; ""Victim Shaming"" @realDonaldTrump for being infect\xe2\x80\xa6 https://t.co/W0vCu41E7c'"
2020-10-04 23:35:04,b'HumanityHope4',"b""So desperate for attention. Just be sick and stay inside, why all the risk...proof he doesn't care about anyone but\xe2\x80\xa6 https://t.co/tExs7lsyyb"""
2020-10-04 23:35:00,b'wsvn',b'Attorney General William Barr will self-quarantine out of caution after President Donald Trump and several other la\xe2\x80\xa6 https://t.co/EmljAnxTk9'
2020-10-04 23:34:41,b'ecJulie',"b'Feb 2020: Report claimed ""facial recognition fails in China as people wear masks to avoid #coronavirus"" but this vi\xe2\x80\xa6 https://t.co/Rh1Z9RxVut'"
2020-10-04 23:34:39,b'floridalove',b'@BBCWorld What about: #BountiesOnOurTroops  \n#taxes \n#BLM\n#KidsInCages \n#Healthcare\n#AmericanJobs\n#coronavirus\xe2\x80\xa6 https://t.co/5UxXrH6R3K'
2020-10-04 23:34:39,b'bcomininvisible',b'Complete b***s from Fox\nIt has nothing to do with the patient who you can bet is in control of both his treatment &amp;\xe2\x80\xa6 https://t.co/lOlBWDpdql'
2020-10-04 23:34:26,b'IAM__Network',b'Trump To Stay At Walter Reed Hospital Following Positive Coronavirus Test \n\nREAD MORE: https://t.co/SBsUHSpXDb\xe2\x80\xa6 https://t.co/RhUF8694gk'
2020-10-04 23:34:16,b'jenniferclmn',b'@chrislhayes @WRBethesda @realDonaldTrump @NewDay @CNNSitRoom @OutFrontCNN @Morning_Joe @JReinerMD @PressSec A part\xe2\x80\xa6 https://t.co/xL3NzwpIPa'
2020-10-04 23:33:45,b'haidut',b'New: Obesity \xe2\x80\x9cparadox\xe2\x80\x9d strikes again \xe2\x80\x93 protection against COVID-19 [https://t.co/uoICSUhgWW] #coronavirus #covid-19\xe2\x80\xa6 https://t.co/EOSQdxHxxt'
2020-10-04 23:33:39,b'drbocamo',b'@realDonaldTrump I Love \xe2\x9d\xa4\xef\xb8\x8f You \xf0\x9f\x87\xba\xf0\x9f\x87\xb8Mr. President\xf0\x9f\x87\xba\xf0\x9f\x87\xb8! \n@realDonaldTrump &amp; @FLOTUS!\nMY PRAYERS &amp; VIGIL CANDLES for you b\xe2\x80\xa6 https://t.co/IWVjt2KXkH'
2020-10-04 23:33:29,b'TODAHerbal',b'#Korean #researchers #found #substance #inhibiting #COVID-19!\n#Seabuckthorn #Berry\xe2\x80\x99s #Lactic #Acid #Bacteria can\xe2\x80\xa6 https://t.co/0DzyUAqFhR'
2020-10-04 23:32:31,b'Ricardo_DaMatta',"b'#Casedemic \n#coronavirus \n""Were it not for the test data that you get from the TV all the time, you would rightly c\xe2\x80\xa6 https://t.co/gLIEKoNfgv'"
2020-10-04 23:32:22,b'MikeLongCounty',"b'Good to see all the haters back, hating on our #POTUS.  Sorry guys, the #coronavirus, #JoeBiden, #KamalaHarrisVP, t\xe2\x80\xa6 https://t.co/iUNIKFRKdQ'"
2020-10-04 23:32:09,b'ianmsantos',"b'\xe2\x80\x9cI could stand in the middle of 5th Avenue and cough on somebody and I wouldn\'t lose any voters"". - #Trump\xe2\x80\xa6 https://t.co/7bK20Gc9L7'"
2020-10-04 23:31:57,b'StationZebra1',"b'What value, @CNN @AnaCabrera on having @DcMillerin obfuscate, misdirect, lie about #Trump Admin #COVID19 response?\xe2\x80\xa6 https://t.co/ear8FbWxuM'"
2020-10-04 23:31:54,b'TimCGriffith',b'From Assistant Professor at GWUH and Chief of Disaster and Operational Medicine in the Department of Emergency Medi\xe2\x80\xa6 https://t.co/jmvMnpczSJ'
2020-10-04 23:31:44,b'jshoreboston',b'@sjb61335 @kayleighmcenany @realDonaldTrump @coronavirus @PressSec @POTUS @TeamTrump @TeamJoe @JoeBiden NO! It was\xe2\x80\xa6 https://t.co/5NNGQKCNWT'
2020-10-04 23:31:43,b'newhope333',"b'@realDonaldTrump Where are the #coronavirus  statistics for China? The ""WHO"" has taken them off their website? #Maga @POTUS @WhiteHouse'"
2020-10-04 23:31:43,b'kiwirip',"b""#University of #Auckland's plan to have #students sit #exams in person slammed.  Students says their concerns about\xe2\x80\xa6 https://t.co/nNpL6WYHx2"""
2020-10-04 23:31:35,b'bitcoinconnect',b'Trump to Undergo Tests at Walter Reed National Military Medical Center SEE MORE HERE ==&gt; https://t.co/17tvuUF1rw\xe2\x80\xa6 https://t.co/uIJilWivQs'
2020-10-04 23:31:32,b'gargiprasad',"b""India's new paper Covid-19 test could be a \xe2\x80\x98game changer\xe2\x80\x99. \n\n96% sensitivity and 98%specificity. \n\nCosts less than\xe2\x80\xa6 https://t.co/5M69hZsrvQ"""
2020-10-04 23:31:29,b'AGildedEye',b'How much dexamethasone does $750 buy?\n\n#DonaldTrump #SocialistPresident #covid #coronavirus'
2020-10-04 23:31:27,b'peepthisgal',"b""Joe Biden, the clock is ticking.\nYou should be on tv saying #Scam. \n#Trump is a con artist. #Trump doesn't have\xe2\x80\xa6 https://t.co/4xqzeRqSqU"""
2020-10-04 23:31:03,b'sukemomo',b'Last updated: 2020-10-04 23:05:01+00:00GMT\n  Coronavirus [COVID-19]\n    Cases: 35376098\n    Deaths: 1041251\xe2\x80\xa6 https://t.co/4cBqGxIIWb'
2020-10-04 23:30:50,b'chere_ella',"b'@francoislegault @LP_LaPresse Top German lawyer: ""The #corona fraud scandal has meanwhile unfolded into probably th\xe2\x80\xa6 https://t.co/Fe7FfOKVX8'"
2020-10-04 23:30:23,b'ChrisBlount_1',b'Glad to see @realDonaldTrump is feeling better but mixed feelings on this outing. On the one hand I get he needs to\xe2\x80\xa6 https://t.co/feye27Flsz'
2020-10-04 23:30:22,b'chere_ella',"b'@fordnation Top German lawyer: ""The #corona fraud scandal has meanwhile unfolded into probably the greatest crime a\xe2\x80\xa6 https://t.co/1X7rZc7epz'"
2020-10-04 23:30:12,b'GrantGeek',"b'#GrantAlert: $3,000,000 for Institutional Resilience and Expanded Postsecondary Opportunity Grants Program due 10/2\xe2\x80\xa6 https://t.co/IMNFsKboHD'"
2020-10-04 23:30:09,b'txquila1',b'@realDonaldTrump has no care in the world. He put two @SecretService agents in danger as well as their families. 14\xe2\x80\xa6 https://t.co/sx9cdvXL54'
2020-10-04 23:30:05,b'tolatender',"b'LOCKDOWN: South African Small Businesses(SMME) CAN op erate amid Coronavirus COVID-19 pandemic, learn here how:\xe2\x80\xa6 https://t.co/ArL7wKumSG'"
2020-10-04 23:30:01,b'pmramani',b'@realDonaldTrump The @SecretService was compromised by your decision to say hi to your fans. Not what they signed up for #coronavirus'
2020-10-04 23:30:00,b'lifestyle_ie',"b'Roughly priced at 2860 INR, they are integrated with sunglasses and a blue light protection mechanism.\n@JoeDoucet\xe2\x80\xa6 https://t.co/DHZ7dynzzb'"
2020-10-04 23:30:00,b'AHaglington',b'Thoughts are with all those suffering with ill health or having to cope with loss. \xf0\x9f\x92\x9a\n#COVID19 #coronavirus https://t.co/hMSSXZgjyv'
2020-10-04 23:29:49,b'jenniferclmn',b'@chrislhayes @WRBethesda @realDonaldTrump @NewDay @CNNSitRoom @OutFrontCNN @Morning_Joe @JReinerMD When was Trump l\xe2\x80\xa6 https://t.co/e1ZHBuJVUZ'
2020-10-04 23:29:40,b'7venHeavens',"b'Going sick outside during corona even when you tested negatief, it\xe2\x80\x99s like committing a crime. You are one cough awa\xe2\x80\xa6 https://t.co/PHcl3ySnB2'"
2020-10-04 23:29:38,b'Toughone6',"b'#DonaldTrump has #Covid19. It would break protocols for him to meet soldiers, even ones who also have #Coronavirus.\xe2\x80\xa6 https://t.co/TLQVuvvEOO'"
2020-10-04 23:28:54,b'vdubya',"b'Just a reminder: even if you do all the right things you can still get #coronavirus. Also don\xe2\x80\x99t forget, you won\xe2\x80\x99t b\xe2\x80\xa6 https://t.co/L4C2iJ8IQf'"
2020-10-04 23:28:49,b'ninatypewriter',"b""#Coronavirus #COVID19 TRUMP'S COVID JOYRIDE\nFollow my lists:\nDC https://t.co/7iYmgdC1gL\nNY https://t.co/XRWlBh4VMz\xe2\x80\xa6 https://t.co/ICT5gUBrsI"""
2020-10-04 23:28:48,b'DevonHeinen',"b'#BREAKING (via campaign press pool)\n#Biden campaign issues stmt re: Biden taking a PCR #COVID19 test today:\n\n""Vice\xe2\x80\xa6 https://t.co/q4p56pwTfY'"
2020-10-04 23:28:47,b'realmethod41',"b'Human Supremacy In Perspective | #Humanity is not at the top of the food-chain, forcing us to reconsider how we mus\xe2\x80\xa6 https://t.co/DElOYp3cOf'"
2020-10-04 23:28:38,b'BenTuckett1997',b'Lab tests suggest #Israeli-made #facemask eliminates over 99% of #coronavirus https://t.co/8sx1ll5j80'
2020-10-04 23:28:32,b'corona_scotnews',"b'NHS Tayside did a \xe2\x80\x98good job\xe2\x80\x99 at protecting staff, according to top doc https://t.co/byAVFQf2gJ #coronavirus #covid19'"
2020-10-04 23:28:31,b'TomPaines_Truth',"b'@latimes 1/4) I said it at the onset of the #coronavirus epidemic &amp; i\'ll say it again right now, the ""GOAL"" for\xe2\x80\xa6 https://t.co/zSQDEW1VPz'"
2020-10-04 23:28:28,b'NaturallyplusP',b'Be active at homr during #COVID19 outbreak\n\nhttps://t.co/NE9EbVnJD0\n\nhttps://t.co/mg8mWQ1Oqm\n\n#NPPhilippines\xe2\x80\xa6 https://t.co/m3VhtNHzLe'
2020-10-04 23:28:26,b'USA_OldGlory',b'@Fuzzy_Fuzzbutt @RonnyJackson4TX I like your revised version\xe2\x80\x94REV13:5. It describes #JoeBiden &amp; Democrat politicians\xe2\x80\xa6 https://t.co/3xOXnhY9pS'
2020-10-04 23:28:03,b'islamicfreedom',b'May Allah cure all the people who suffer from #coronavirus.\n\nAmeen\xf0\x9f\x98\x93'
2020-10-04 23:28:00,b'usacustomers',b'#Coronavirus in the #US: Only 3 states decline in #new cases as US hits #highest daily rate in 2\xc2\xa0months https://t.co/PhOhbZLNSb'
2020-10-04 23:27:52,b'JamiahAdams',"b'Shouting from the rafters - the #coronavirus is HIGHLY contagious. If you have tested positive, stay home - isolate.'"
2020-10-04 23:27:47,b'11thHourLib',b'And just how does #Arizona Bike Week plan to successfully enforce mask/distance laws at @WestWorldAZ  in\xe2\x80\xa6 https://t.co/0uJBU3sHWD'
2020-10-04 23:27:41,b'PyrateAsylum',b'Curfew in the UK\n#NeverTrustATory #DirtyToryTricks #ToriesProtectNonces #SaveTheNHS #CoronaVirus #BrokenBritain\xe2\x80\xa6 https://t.co/0uYD9s0x6Z'
2020-10-04 23:27:38,b'barbmullings',b'\xf0\x9f\x98\x92 @politvidchannel posted BREAKING: it has been confirmed that when donald went on Hannity on Thursday night he alr\xe2\x80\xa6 https://t.co/waLqyQigkg'
2020-10-04 23:27:28,b'RandyKaus',b'Look on the bright side... at least the virus will go away when the earth burns up.\n((science))\xe2\x80\xa6 https://t.co/GffGlmbtHk'
2020-10-04 23:27:26,b'JoyceChaplin1',"b'Handy, foreboding diagram: #Coronavirus accumulation in a car with an infected passenger, windows open versus windo\xe2\x80\xa6 https://t.co/SvYddXUrLj'"
2020-10-04 23:27:23,b'polarbear_pc',b'@BrandiKruse We have no leadership from @MayorJenny @GovInslee @CityofSeattle is out to help #Pimps &amp; drug addicts\xe2\x80\xa6 https://t.co/Knt5bJhCzW'
2020-10-04 23:27:10,b'LGBrownHamilton',b'@realDonaldTrump with #coronavirus is still more coherent than @JoeBiden on a typical day. @charliekirk11 @larryelder'
2020-10-04 23:26:59,b'MarvinMeltdown',"b""@thehill It is literally Trump's job to have learned a lot about #coronavirus back in January. Dereliction of duty."""
2020-10-04 23:26:58,b'W7VOA',"b'\xe2\x80\x9cVice President Biden underwent PCR testing for COVID-19 today and COVID-19 was not detected,"" according to the\xe2\x80\xa6 https://t.co/Ef4cAhvnfb'"
2020-10-04 23:26:57,b'rsbellmedia',"b'TODAY ON THE RSB SHOW: Mask child custody, Lake Superior #Coronavirus, Belly fat warning, \xe2\x80\x98Red Flag\xe2\x80\x99 Drugs, Subway\xe2\x80\xa6 https://t.co/Mb57VnzQdx'"
2020-10-04 23:26:44,b'i83701',"b'@JoeBiden @KamalaHarris Start up all the ads you have,#LetsGo Trump just used up all the empathy,so sad he is ill,h\xe2\x80\xa6 https://t.co/Np3N861nm3'"
2020-10-04 23:26:41,b'mjgranger1',b'@KIMAGA4EVER @Sadieandmaya Since no Democrats seem to have been infected with COVID recently we can only conclude t\xe2\x80\xa6 https://t.co/siIMoDmICq'
2020-10-04 23:26:38,b'covid19autostat',b'#COVID19 death rates reveal NY and NJ are states that failed the test\nhttps://t.co/KEKu9Lx5Vc\n12 Aug 2020\n\n#QUOTE M\xe2\x80\xa6 https://t.co/4uWV4SYw5d'
2020-10-04 23:26:22,b'Aspies123',"b'TRUMP LEFT QUARANTINE SPREADING CORONAVIRUS TO CONTINUE CAMPAIGNING.  MY GOD. 210,000 Americans are dead and still\xe2\x80\xa6 https://t.co/CxytwrTxgH'"
2020-10-04 23:26:20,b'GlobalPandemics',"b'ALERT: Seattle rioters arrested after throwing explosives at\nofficers, businesses - Global Pandemic News |\xe2\x80\xa6 https://t.co/wLU3qhh1KF'"
2020-10-04 23:26:09,b'NealLovesYou',b'#Trump having one of the most infectious diseases in history decides to visit soldiers in the hospital and ride aro\xe2\x80\xa6 https://t.co/p0Jaqix0fF'
2020-10-04 23:26:05,b'SlimSugar',b'ARE YOU ALL GETTING IT YET?\n\n#WakeUp\n\nWE ARE ALL BEING LIED TO\nTHEY ARE LAUGHING AT US\nAT HOW EASY WE ARE TO CONTRO\xe2\x80\xa6 https://t.co/ltdkmW3PVE'
2020-10-04 23:26:02,b'westaustralian',"b'Donald Trump\xe2\x80\x99s released a video update, saying he\xe2\x80\x99s \xe2\x80\x98learned a lot about COVID\xe2\x80\x99. It comes as he paid supporters a s\xe2\x80\xa6 https://t.co/nfxJDBKUTZ'"
2020-10-04 23:25:53,b'Koernerr',b'Another Sunday of preparation for Winter https://t.co/3hfZTOb0e8 Each day brings us a little closer to a Confinemen\xe2\x80\xa6 https://t.co/ocj4WYoSVc'
2020-10-04 23:25:40,b'ZombieSquad668',b'We are being lied to and here is how. #covid19 #coronavirus https://t.co/AkvyyKkVXq'
2020-10-04 23:25:37,b'Trinitydraco1',"b""THIS sums it up well. The president may be manic from his dexamethasone treatment but that doesn't excuse the docto\xe2\x80\xa6 https://t.co/MWXWSs6Qd3"""
2020-10-04 23:25:30,b'9JA_Imperialist',b'#coronavirus #COVID19 #StayAtHome #lockdown #Lagos #Italy #Spain #Nigeria #Ghana #US #UK #5GRadiationScare\xe2\x80\xa6 https://t.co/0DdGUDQGQe'
2020-10-04 23:25:20,b'NBazalgette',"b""Okay @Twitter so it's okay for @realDonaldTrump to post message after message of hate speech but as soon as one per\xe2\x80\xa6 https://t.co/eSaeBG9G6Y"""
2020-10-04 23:25:12,b'arthur_glasgow',b'If Trump were concerned about all of us he would have gotten the country mobilized in Feb to fight #coronavirus. He\xe2\x80\xa6 https://t.co/gR0danvWFr'
2020-10-04 23:24:53,b'ethelik',"b""Let us be clear.\nHe did that for his supporters. \nHe has always only done things for his supporters. \nI'm not impre\xe2\x80\xa6 https://t.co/i6KU2m1zj7"""
2020-10-04 23:24:50,b'_WhatTheFinance',"b'Whatever your political party or belief is, it will always be wrong to wish ill or death on someone.\n\n#Trump\xe2\x80\xa6 https://t.co/sQxqi2j26G'"
2020-10-04 23:24:46,b'blindboypolitic',"b'Attorney General William Barr has received four negative Covid-19 tests since Friday morning, Justice Department sp\xe2\x80\xa6 https://t.co/2ZvSJm3TeF'"
2020-10-04 23:24:35,b'pg_swiech',b'Health Digest https://t.co/9BOSltyc6z via @pantagraph @RedCrossBloodHA @RedCrossIL #healthcare @McLeanHealth #blono\xe2\x80\xa6 https://t.co/r6X9xo7MJL'
2020-10-04 23:24:32,b'MsLindaLopresti',"b""White House and Doctors create confusion on status of Donald Trump's health #coronavirus @PhilipRucker @RNBreakfast https://t.co/sq9pxjs4WQ"""
2020-10-04 23:24:29,b'AdamBakhtiarCNA',"b""With 1 month to go to the #USElection2020 we dig deep into the major calendar event of the year and what's next wit\xe2\x80\xa6 https://t.co/qnZGGm1nLk"""
2020-10-04 23:24:17,b'kr3at',"b'Idaho reports 262 new cases and 2 new deaths bringing total confirmed cases there to 43,964 and 482 total deaths.\xe2\x80\xa6 https://t.co/wHrc5VPPy9'"
2020-10-04 23:24:04,b'Girrali',"b'Has anyone asked the experts ... Can we be infected with two different strains of #CoronaVirus, at the same time?\n\n#COVID19 #SARS_CoV_2 @WHO'"
2020-10-04 23:24:01,b'JasonKPurdy',b'I\xe2\x80\x99ve literally been across the country and back again in the past 3 weeks and I am just a little shocked that Ohio\xe2\x80\xa6 https://t.co/EqFEG9KDiM'
2020-10-04 23:23:44,b'Rosebudsays',b'The Quarantiners did it again! \xf0\x9f\x98\xa4 #Quarantine #coronavirus  #Trump #October #inktober2020 #Inktober #YouTube\xe2\x80\xa6 https://t.co/nQfDWEdqOF'
2020-10-04 23:23:36,b'jenniferclmn',"b'@chrislhayes @WRBethesda @realDonaldTrump @NewDay @CNNSitRoom @OutFrontCNN @Morning_Joe Dr. @JReinerMD said, ""he ha\xe2\x80\xa6 https://t.co/BZ7n2P7E2x'"
2020-10-04 23:23:28,b'TomSand81331165',b'@jjstyx @Islandgirlpixie @Belinha1961 @JoeBiden Keep  trying Joey. Sweden\xe2\x80\x99s death rate initially was among the high\xe2\x80\xa6 https://t.co/SRA2NvlCgi'
2020-10-04 23:23:18,b'MarkC_Avgi',"b'@krcraft Like so many things, the #POTUS is now the most-knowledgeable person in the world about the #CoronaVirus.\xf0\x9f\xa4\xb7\xe2\x80\x8d\xe2\x99\x82\xef\xb8\x8f'"
2020-10-04 23:23:16,b'ronanmadigan',b'Open letter to people of #Ireland:\n\n#CNN are apoplectic tonight that:\n\n@POTUS is even alive\n@POTUS is even recoveri\xe2\x80\xa6 https://t.co/NueHUGHVhI'
2020-10-04 23:23:12,b'gurdipsahota',b'Trump Didn\xe2\x80\x99t Disclose First Positive Covid-19 Test While Awaiting a Second Test on Thursday\nhttps://t.co/ZmAvE61Ljx\xe2\x80\xa6 https://t.co/thj9ZsEE70'
2020-10-04 23:23:05,b'mwyres',b'Victoria Records Nine New Coronavirus Cases And Zero Deaths #sbsnews #coronavirus https://t.co/plBj0gvueI'
2020-10-04 23:23:05,b'gruesomegull',"b""What we know about Donald Trump's potential #coronavirus '#superspreader' Rose Garden ceremony https://t.co/2NlDqiP87G"""
2020-10-04 23:23:03,b'SusanBChurch11',"b'#WithBidenWeCan get our kids back to school safely, AFTER getting the virus under control. #COVID19 #coronavirus https://t.co/5pm1R2RRJA'"
2020-10-04 23:23:00,b'JBallingIM',b'No new #coronavirus cases reported on #Nantucket for second straight day Sunday:\nhttps://t.co/iGPkODEhLZ'
2020-10-04 23:22:51,b'KareemLumumba',b'@realDonaldTrump Driving around #WalterReedMedicalCenter  Spewing #coronavirus on people waving Trump Flags! This i\xe2\x80\xa6 https://t.co/m0ixeguOST'
2020-10-04 23:22:50,b'StatKeeper',b'Full Interview with Dr. Jacob #Lalezari by #Covid19 on #SoundCloud #CytoDyn $CYDY #Leronlimab #MonoclonalAntibody\xe2\x80\xa6 https://t.co/VwNefLZalP'
2020-10-04 23:22:39,b'BuffyHippie',"b""This was the worst reality TV president moment yet. The White House press wasn't notified. Lives were put at risk.\xe2\x80\xa6 https://t.co/zrfy5b4Bjg"""
2020-10-04 23:22:17,b'kr3at',"b'Washington reports 92 new cases bringing total confirmed cases there to 92,180 and 2,145 total deaths.\xe2\x80\xa6 https://t.co/h4xfuOGuc9'"
2020-10-04 23:22:14,b'NewWestProd',b'Trying to deal with opening these up just makes 2020 even harder.\n#2020worstyear #coronavirus #covidsafe\xe2\x80\xa6 https://t.co/REGdq76P3d'
2020-10-04 23:21:40,b'juiceman007',b'#breakingnews #instadaily \nfrom the #presidentialdebate \n#donaldtrump @realdonaldtrump \n#coronavirus #covid19\xe2\x80\xa6 https://t.co/4na6XfAF2E'
2020-10-04 23:21:35,b'Earth_Extreme',"b'Update 4th October 2020 @ 23:55 hrs UTC: Coronavirus Confirmed Cases and Deaths by Country, Territory, or Conveyanc\xe2\x80\xa6 https://t.co/PEr50ohnI2'"
2020-10-04 23:21:31,b'mwyres',b'Coronavirus: Paris To Shut Bars And Raise Alert To Maximum #bbcnews #coronavirus https://t.co/2RpJ6gbRmS'
2020-10-04 23:21:16,b'nellaiseemai',"b'@CBSNews More than 200,000 people died. Those were given no chance to see their close relatives one last time and v\xe2\x80\xa6 https://t.co/YSQNVWq3SH'"
2020-10-04 23:21:11,b'rkd993',"b'@TheTeetering Worse, he\xe2\x80\x99s still out there spreading #CoronaVirus https://t.co/89MU4jUoQO'"
2020-10-04 23:20:55,b'AngelicaIsMad',b'@realDonaldTrump Never in my life has a president call people of his country that he is supposed to serve as fans.\xe2\x80\xa6 https://t.co/4lfeohGh8V'
2020-10-04 23:20:50,b'diverdown48',b'and the fact he knew it was a deadly virus before there were any American deaths #virus #SocialDistance #BeSafe\xe2\x80\xa6 https://t.co/jxK9ge5i7H'
2020-10-04 23:20:48,b'kuantancurls',"b""@guardian Aw  hen, ye shuild watch Scotland's #CoronaVirus briefings,  Monday tae Friday, 12:15.\n\n#ListenTaeNicola\xe2\x80\xa6 https://t.co/oubm0rBzE6"""
2020-10-04 23:20:25,b'MsLindaLopresti',"b""How #DonaldTrump's #coronavirus diagnosis has upended the US election and threatened America's national security. L\xe2\x80\xa6 https://t.co/cmGr1BkJn2"""
2020-10-04 23:20:23,b'Aimen_Kashmiri',"b'Azad Jammu and #Kashmir is going to lock down again amid a spike in #coronavirus infections, AJK Prime Minister Raj\xe2\x80\xa6 https://t.co/xu2IazLOdh'"
2020-10-04 23:20:21,b'Girrali',"b'Sigh, media stunts.  Dude, your Secret Service staff could infect you with ""another strain"" of the virus\xe2\x80\xa6 https://t.co/FLuOF9fYWd'"
2020-10-04 23:20:17,b'GerardCarelli',b'@clairecmc @cnnbrk &amp; @MSNBC should continue covering the real stories and ignore #POTUS joy rides.\xe2\x80\xa6 https://t.co/EbNhX8WCjz'
2020-10-04 23:20:17,b'kr3at',"b'New York reports 9 new cases bringing total confirmed cases there to 499,260 and 33,300 total deaths, with 1,226 ne\xe2\x80\xa6 https://t.co/pLBcGZdmvi'"
2020-10-04 23:20:04,b'sunnykobe',b'Narcissistic imbecile! Could care less about others catching the #coronavirus from him. If he is actually positive.\xe2\x80\xa6 https://t.co/p9QzRssGYu'
2020-10-04 23:19:46,b'arieladkins',"b'@BreitbartNews If #MikeDeWine was listening from the beginning, he would know that #debraburks said #masks is not t\xe2\x80\xa6 https://t.co/57FaWfBdTb'"
2020-10-04 23:19:34,b'NewsThaivisa',b'Irish health chiefs recommend return to full lockdown: sources https://t.co/PtFGBdpehx #ireland #coronavirus\xe2\x80\xa6 https://t.co/YKGqtXqCNO'
2020-10-04 23:19:33,b'AustinsGBG',"b'He created an alter ego of a strong, rich, business savvy man to win the presidency. Now that he has #COVID19, how\xe2\x80\xa6 https://t.co/5JVjT270E3'"
2020-10-04 23:19:20,b'LoloThom',b'Everyone on twitter since the beginning of the pandemic.\n#COVID19 #coronavirus #ScienceTwitter https://t.co/gumvFQhhty'
2020-10-04 23:19:12,b'AlvondaHoward',b'@Craig_A_Spencer @MSignorile that exactly what #Impeached #POTUS @realDonaldTrump did -#Sunday #Coronavirus Cases=7\xe2\x80\xa6 https://t.co/SyOzPyTH5V'
2020-10-04 23:19:12,b'NewsMedical',"b'@andrewjpage Shedding light on origin, transmission, spread of COVID-19 in Norfolk https://t.co/lZRFXpL9yb \n@PHE_uk\xe2\x80\xa6 https://t.co/GufxAqeNCF'"
2020-10-04 23:19:03,b'Twitlertwit',b'Crimes against Humanity https://t.co/cEYdSzj0B4 via @YouTube What do you really know about #PCR test?  #COVID19 #coronavirus'
2020-10-04 23:18:59,b'NewsMedical',"b'@EvelienAdri Shedding light on origin, transmission, spread of COVID-19 in Norfolk https://t.co/lZRFXpL9yb \n@PHE_uk\xe2\x80\xa6 https://t.co/BoX3y67EsR'"
2020-10-04 23:18:49,b'SamBergerShow',"b'After today, I see no issues with Joe running negative ads. \n\nFire em up. \n\n#TrumpCovid #Trump #COVIDIOTS\xe2\x80\xa6 https://t.co/u1VFKZ6NFc'"
2020-10-04 23:18:48,b'NewsMedical',b'@leomrtns @andrewjpage @ae_mather @Justin_OGrady @thanhleviet @happy_khan @Gemma_L_Kay @ThisIsAlp Shedding light on\xe2\x80\xa6 https://t.co/Py5CvkPG4A'
2020-10-04 23:18:47,b'pdjmoo',"b'The \'Empty Suit"" forever the showman.\n\xf0\x9f\x94\xb4 US President Donald Trump makes \'surprise visit\' to supporters outside hosp\xe2\x80\xa6 https://t.co/7kWnJbyfW5'"
2020-10-04 23:18:47,b'TheCyberPost1',b'Ransomware Attacks Slows Down AstraZeneca Coronavirus Clinical Trial\n\nhttps://t.co/BRy3wpOG49\n\n#Ransomware\xe2\x80\xa6 https://t.co/nGw8zTRk6G'
2020-10-04 23:18:46,b'DevonHeinen',b'#BREAKING (via WH press pool)\nWH Press Sec Kayleigh McEnany refuses to answer if #Trump tested positive for\xe2\x80\xa6 https://t.co/TYtpB3KDIH'
2020-10-04 23:18:35,b'Pooks_rutherfor',b'@catherireland @thedailybeast @McnellisWilliam #MySentimentsExactly\nOn Friday my family buried our 87 year old aunt\xe2\x80\xa6 https://t.co/OcDO0JbzoY'
2020-10-04 23:18:12,b'ChefDee1980',"b'Dr. Reiner, who treated VP Chaney, says Trump\xe2\x80\x99s symptoms are of someone a week into COVID. #trump #coronavirus'"
2020-10-04 23:17:59,b'TheRareGrooves',b'Reposted from @fuck_bigotry universal healthcare for all. #feminism #feminist #universalhealthcare\xe2\x80\xa6 https://t.co/rsSEmEBKCh'
2020-10-04 23:17:54,b'Roadmaster1253',"b""THIS #WHITEHOUSE IS SLOPPY AND DYSFUNCTIONAL IT'S TIME TO GET RID OF #DONALDTRUMP AND HIS DISASTROUS  ADMINISTRATIO\xe2\x80\xa6 https://t.co/5wsUngcx7S"""
2020-10-04 23:17:54,b'tobbitor',b'the Simpsons predicted the whole pandemic procedure in 2010 \xf0\x9f\xa4\xa8\n\nhttps://t.co/xuAl89vSsv\n\n#Coronavirus #COVID19 #Plandemie'
2020-10-04 23:17:51,b'NewsMedical',"b'@medrxivpreprint Shedding light on origin, transmission, spread of COVID-19 in Norfolk https://t.co/lZRFXpL9yb\xe2\x80\xa6 https://t.co/t2Fv0HizwS'"
2020-10-04 23:17:40,b'BeingKimmieToo',"b'Always a reality show stunt with this cosplay POTUS. This video is sickening. I\xe2\x80\x99m now wondering if this corrupt, mo\xe2\x80\xa6 https://t.co/8EGUp7p2DQ'"
2020-10-04 23:17:00,b'Trinitydraco1',b'This is disappointing and painful news. To find out that the president knew he had a positive #coronavirus test but\xe2\x80\xa6 https://t.co/hNh99rUp9e'
2020-10-04 23:16:49,b'PaulSteveSamuel',"b""Why aren't all #coronavirus patients allowed to drive home to see their loved ones like #PigPotus? https://t.co/TvdghIPipa"""
2020-10-04 23:16:22,b'schweitzerakron',b'Bill Barr reports he is still testing negative for the #coronavirus https://t.co/ifJJHheAZo'
2020-10-04 23:16:12,b'GlobalPandemics',b'ALERT: Alexander Zverev\xe2\x80\x99s Illness Puts French Open Health Protocols\nin Focus - Global Pandemic News | #Coronavirus\xe2\x80\xa6 https://t.co/Ok5GBJ76Qk'
2020-10-04 23:16:01,b'def_security',b'\xf0\x9f\x94\xb4 #US President #Trump who was diagnosed with the #coronavirus leaves #WalterReed shortly to greet people that have\xe2\x80\xa6 https://t.co/wW1isSz7ne'
2020-10-04 23:15:50,b'bitcoinconnect',"b""'SNL' returns with Alec Baldwin's Donald Trump taking on Jim Carrey's Joe Biden SEE MORE HERE ==&gt;\xe2\x80\xa6 https://t.co/XgkytRiWsL"""
2020-10-04 23:15:45,b'nomajor_7',b'@BSantarromana Elect #Trump to another 4 years and it will be the breakup of the USA. \n End to a great nation that\xe2\x80\xa6 https://t.co/KWvaHK3adJ'
2020-10-04 23:15:42,b'9JA_Imperialist',"b""You and @MBuhari na 5&amp;6 same MISQUOTE BRIAN una two get, suck blood and shit it on other people's clothes. Old man\xe2\x80\xa6 https://t.co/wWsBbY3qcO"""
2020-10-04 23:15:31,b'wells2020',"b'@sowthpah @PRandallcares He has been diagnosed with #coronavirus. He should not only be wearing a mask, but he also\xe2\x80\xa6 https://t.co/BvBiPztzJ6'"
2020-10-04 23:15:25,b'memenewsdotcom',b'Global #coronavirus cases top 35 million https://t.co/IxIpuObQj0'
2020-10-04 23:15:19,b'NewsMedical',"b'Shedding light on origin, transmission, spread of COVID-19 in Norfolk https://t.co/KdzTnnF58D @PHE_uk\xe2\x80\xa6 https://t.co/XqgemHyn1s'"
2020-10-04 23:15:17,b'SharonCarbine',b'.@gtconway3d: What medical treatment are you getting for #ClaudiaConway! How many of your children have\xe2\x80\xa6 https://t.co/ZTFV9mY935'
2020-10-04 23:15:07,b'pg_swiech',"b""Today's update by @pg_barlow: 13 new coronavirus cases reported in McLean County https://t.co/uVsnKoPETU via\xe2\x80\xa6 https://t.co/cf7EOFdqB0"""
2020-10-04 23:15:04,b'tcmassie',"b'The PPE worn by Secret Service assigned to drive #COVID19-positive #Trump looked ill-fitting, making it nearly wort\xe2\x80\xa6 https://t.co/DDrCXDGZuj'"
2020-10-04 23:15:01,b'GlobalPandemics',b'ALERT: Texas Attorney General Is Accused by Top Aides of Abusing\nHis Office - Global Pandemic News | #Coronavirus\xe2\x80\xa6 https://t.co/u9lQLcjflo'
2020-10-04 23:14:54,b'serkankilic9931',b'\xf0\x9f\x94\xb4 #US President #Trump who was diagnosed with the #coronavirus leaves #WalterReed shortly to greet people that have\xe2\x80\xa6 https://t.co/EJ94bNcktP'
2020-10-04 23:14:50,b'gasolineglamour',"b""Ya know steroids can make you really angry cheeto on reg is a fucking psycho cant imagine how he'll be now #5150 hi\xe2\x80\xa6 https://t.co/5uG2ltOv8Q"""
2020-10-04 23:14:32,b'MichaelOngRisk',"b""Dow futures rise more than 100 points in overnight trading as investors monitor Trump's health\xe2\x80\xa6 https://t.co/OhD2QcPzqk"""
2020-10-04 23:14:25,b'AnonBitcoin',"b""@Breaking911 Liberals are melting down that the fat 74 year old McDonald's eating, diet coke drinking, 2 scoops of\xe2\x80\xa6 https://t.co/2CfRvR7tft"""
2020-10-04 23:14:08,b'KathyCronin007',"b'One of two scenarios:  either 1) #Trump does NOT have #COVID19 &amp; has staged this to divert from #taxes, #debates,\xe2\x80\xa6 https://t.co/MNHzqdCbM2'"
2020-10-04 23:14:01,b'ColinBBaker',b'What kind of anxiety have children gotten after returning to virtual school?\nhttps://t.co/CpB7hIap0f\n#school\xe2\x80\xa6 https://t.co/AquCISe3ha'
2020-10-04 23:13:58,b'Vic_Stone1',b'AG Barr \xe2\x80\x98Reckless\xe2\x80\x99 For Declining To Quarantine After Potential Coronavir... https://t.co/A1pUCkrAVy via @YouTube\xe2\x80\xa6 https://t.co/p8ewh3HJNv'
2020-10-04 23:13:57,b'MF_insaf',"b'If the Doctors @therecount treating @realDonaldTrump discharge him prematurely,\n they will have a lot to answer if\xe2\x80\xa6 https://t.co/WjnnVRroOt'"
2020-10-04 23:13:50,b'PublicAdvocacy',"b""We're still #1 for #COVID19 deaths and cases. \n\n214,571 people lost their life because #TrumpLiedAmericansDied. \n\nO\xe2\x80\xa6 https://t.co/a35gi3ROGH"""
2020-10-04 23:13:46,b'Trinitydraco1',b'They have no business letting the president do this. Treatment with dexamethasone can cause manic episodes. The pat\xe2\x80\xa6 https://t.co/CBr2pvi6ub'
2020-10-04 23:13:32,b'admit2sin',"b'#COVID19: 16,000 #coronavirus cases missed in daily figures after IT error. \xf0\x9f\xa7\x90 \xf0\x9f\x98\xb7 \xe2\x98\xa0\xef\xb8\x8f Not surprised \xf0\x9f\xa4\xa8 #coronavirusuk\xe2\x80\xa6 https://t.co/VrZRBziSLg'"
2020-10-04 23:13:32,b'ORCallen',"b'@robdibble49 Never mind who people hate or not, if you are in proximity of someone sick with #coronavirus, you are\xe2\x80\xa6 https://t.co/e09y4KRSf2'"
2020-10-04 23:13:09,b'vjmahon',"b'@MikeCarlton01 If I have this right the biggest spend in the budget, tax cuts to the wealthy. Not job creation, inf\xe2\x80\xa6 https://t.co/AyFEr94Jd4'"
2020-10-04 23:12:55,b'JanvierChando',"b""Coronavirus: Health chief hails #Africa's fight against Covid-19 https://t.co/SrizWXDkMc #Healthafrica\xe2\x80\xa6 https://t.co/nVB4Z50ery"""
2020-10-04 23:12:53,b'quiscustodis',b'@realDonaldTrump takes pleasure ride in cavalcade around #WalterReed Hospital.\nNot learnt anything from catching\xe2\x80\xa6 https://t.co/hpwBrbOaf0'
2020-10-04 23:12:49,b'GlobalPandemics',"b""ALERT: Israel's Lockdown Feels Pretty Different the Second Time\nAround - Global Pandemic News | #Coronavirus\xe2\x80\xa6 https://t.co/FKxBxKKmhZ"""
2020-10-04 23:12:40,b'sjpetherbridge',b'Researchers looking at whether #commoncold offers some protection from #COVID19\n#COVID__19 #covid #coronavirus\xe2\x80\xa6 https://t.co/Up3c04abEP'
2020-10-04 23:12:38,b'DennisGoris',b'The only issue #Election2020 #coronavirus #TrumpCovid @TIME https://t.co/CVoAZoR2Je'
2020-10-04 23:12:31,b'cogitator99',"b""By the time it is proved that local #lockdowns aren't working it will be too late and Johnson's dithering will have\xe2\x80\xa6 https://t.co/vD360oASmR"""
2020-10-04 23:12:27,b'authenticreel',b'@BeschlossDC Cuz he doesn\xe2\x80\x99t give a DAMN about anyone else.... what a toddler!!! #Trumpbaby #Trump #COVID\xe2\x80\xa6 https://t.co/U64Xcv5aZN'
2020-10-04 23:12:16,b'madvirtualizer',"b'The president left Walter Reed\xe2\x80\x99s presidential suite in a motorcade to wave to supporters, potentially exposing seve\xe2\x80\xa6 https://t.co/klurJD4gPk'"
2020-10-04 23:12:05,b'jshoreboston',b'@abigailmarone @SteveGuest Even @realdonaldtrump is calling it the #Coronavirus now Abigail. Time for you to get up\xe2\x80\xa6 https://t.co/89HRssIxPP'
2020-10-04 23:11:32,b'RayAgua1031',"b'#TrumpVirus #coronavirus He\'s ""nobody"". https://t.co/OTTHEJ3271'"
2020-10-04 23:11:31,b'IAM__Network',b'Hospitals digging in for a long winter as coronavirus patients increase \xe2\x80\x93 The Boston Globe \n\nREAD MORE:\xe2\x80\xa6 https://t.co/ZxU5sgtROS'
2020-10-04 23:11:09,b'BJ01123',"b'Mike Pence should #quarantine\nPence was in close contact with many (Mike Lee, Melania, Kellyanne) who tested positi\xe2\x80\xa6 https://t.co/PmKx6RRzl0'"
2020-10-04 23:11:02,b'DebraISchafer',"b'This physician is correct...it is ""criminal negligence"" that #Trump sat in a car with #SecretService while INFECTED\xe2\x80\xa6 https://t.co/XnnFs94CLg'"
2020-10-04 23:10:40,b'bellafea71',"b""@ComfortablySmug You know as much about ISIS as Trump knows about #COVID19 ... nothing. It's cool that Trump is put\xe2\x80\xa6 https://t.co/5DbHc77WBH"""
2020-10-04 23:10:33,b'TheWedgeLive',"b'#coronavirus PCR positive tests are not ""cases.""\n\nThey amplify tiny old viral fragments in the lab from perfectly h\xe2\x80\xa6 https://t.co/VJmtZecwK7'"
2020-10-04 23:10:27,b'LotusOak2',"b'Lockdown caused more deaths than it saved, a Nobel laureate scientist insists. \n\nhttps://t.co/jfDZEvu2i6\n\n#COVID19 #coronavirus'"
2020-10-04 23:10:27,b'8_steveo',"b'@BreitbartNews #cautionarytale\n\xe2\x80\x9cBill I know this #coronavirus is real, but I really just cannot isolate at all and\xe2\x80\xa6 https://t.co/lpMkymNx6G'"
2020-10-04 23:10:26,b'PharmaNews',b'Improving Trump could return to White House Monday: doctor\n#Coronavirus #Trump \n\nhttps://t.co/q1xcs9Uvvm'
2020-10-04 23:10:25,b'ronanmadigan',b'@CNN very pissed off tonight that @POTUS is even alive.\nTheir dodgy reporting coming back to bite them.\n\n(Don\xe2\x80\x99t for\xe2\x80\xa6 https://t.co/yGUKAhBpXH'
2020-10-04 23:10:24,b'JustmeAnybody',"b'@thedailybeast Americans stayed alone in hospital rooms for weeks, died with no family there. #Trump even makes a m\xe2\x80\xa6 https://t.co/YEoZKpUmsJ'"
2020-10-04 23:10:17,b'justfal516',"b'[COVID-19 Coronavirus outbreak update]\nTotal Cases: 35,376,098\nTotal Deaths: 1,041,251\nMore details:\xe2\x80\xa6 https://t.co/k7kNOYeSTc'"
2020-10-04 23:10:02,b'authenticreel',b'@TheMaine_Event2 @Roc404 @amber_athey To be stuck in an airtight vehicle WITH the person who is infected with\xe2\x80\xa6 https://t.co/ppkUooJFAh'
2020-10-04 23:09:18,b'kr3at',"b'US #CoronaVirus: 7,633,469 cases and 214,593 deaths reported in the United States to date.\n\n31,004 new cases and 31\xe2\x80\xa6 https://t.co/uOilC2ZCx3'"
2020-10-04 23:09:16,b'LightfootInHwd',"b""#JoeBiden put up the ads.  He's not taking #coronavirus seriously and sadly Americans are too stupid to realize we'\xe2\x80\xa6 https://t.co/agzKVs56Es"""
2020-10-04 23:09:13,b'THEshabbs',"b'Trump\'s behaviour the past few days tells you all you need to know about how ""seriously"" he\'s taking this pandemic.\xe2\x80\xa6 https://t.co/pGsQd4aotO'"
2020-10-04 23:08:51,b'threader_app',"b'@AZbeetlebug Hi, you can read this thread from @W7VOA here: https://t.co/op264LQQLO  #coronavirus #COVID19'"
2020-10-04 23:08:41,b'IcePxl',b'1:04 in after this @realDonaldTrump says \xe2\x80\x9cTherapeutics\xe2\x80\x9d it seems a cough has been edited out and so then he gets ov\xe2\x80\xa6 https://t.co/P5f5Y2pzJP'
2020-10-04 23:08:32,b'Graftacus',b'@IvankaTrump Working hard to kill as many Americans as possible! #COVID19 \n#tRUMPknewVoteBlue #WorstPresidentEver\xe2\x80\xa6 https://t.co/hhlzvnOBoW'
2020-10-04 23:08:29,b'madvirtualizer',b'President Trump didn\xe2\x80\x99t disclose a positive result from a rapid test for #Covid19 on Thursday while awaiting the fin\xe2\x80\xa6 https://t.co/wfhRLKPQhn'
2020-10-04 23:08:21,b'RealNLM',"b'"". . . and then Scrooge decided not to take away healthcare coverage from Tiny Tim."" (Unfortunately, that probably\xe2\x80\xa6 https://t.co/6CDFCvqpQC'"
2020-10-04 23:07:59,b'alntal',b'@whitehouse_247 @Yamiche I keep asking who do we assume  #HopeHicks infected @POTUS and not the other way round?\xe2\x80\xa6 https://t.co/k75PGEoUnh'
2020-10-04 23:07:39,b'l_lw7521',b'#SecretService #TrumpCovid #TrumpIsANationalDisgrace #TrumpVirus #coronavirus \nWhy is the Secret Service management\xe2\x80\xa6 https://t.co/U9oADh1Tsg'
2020-10-04 23:07:38,b'Diane__Hagopian',"b'If the US Govt. can hide ET and UFOs from the public for 80+ years, imagine what else they can hide just by running\xe2\x80\xa6 https://t.co/wmxnmiSJ8a'"
2020-10-04 23:07:34,b'GlobalPandemics',"b""ALERT: Attorney General William Barr to self-quarantine 'for now,'\nspokesperson says - Global Pandemic News |\xe2\x80\xa6 https://t.co/804qHwgD4c"""
2020-10-04 23:07:33,b'kirstondo',b'Trump doesn\xe2\x80\x99t deserve protection if he can\xe2\x80\x99t even protect his own citizens. #VoteBlue2020 #SecretService #coronavirus'
2020-10-04 23:07:31,b'Fromgirltogirl',b'\xf0\x9f\x93\xb7 We don\xe2\x80\x99t know if President #Trump will return to the White House on Monday but nonetheless he still needs to quar\xe2\x80\xa6 https://t.co/oVWIiAY5dl'
2020-10-04 23:07:31,b'PickledPat',"b'@tony_fitz @DrZeroCraic #COVID19 #coronavirus \nGraph from Professor Philip Nolan, Chair of the NPHET Irish Epidemio\xe2\x80\xa6 https://t.co/0Cxik5WZO4'"
2020-10-04 23:07:31,b'LeeiaLH',b'\xf0\x9f\x91\x8f\xf0\x9f\x91\x87\xf0\x9f\x8f\xbd\xf0\x9f\x91\x8f\xf0\x9f\x91\x87\xf0\x9f\x8f\xbd\xf0\x9f\x91\x8f\xf0\x9f\x91\x87\xf0\x9f\x8f\xbd\xf0\x9f\x99\x8f\xf0\x9f\x99\x8f\xf0\x9f\x99\x8f\xf0\x9f\x99\x8f\n\nAll 3 of my children   are better after having #COVID19...they experience  all the side affects  but\xe2\x80\xa6 https://t.co/b7vcWIJKKS'
2020-10-04 23:07:17,b'kr3at',"b'Veteran Affairs reports 35 new cases bringing total confirmed cases there to 62,571 and 3,466 total deaths, with 14\xe2\x80\xa6 https://t.co/TmtjQX4mi9'"
2020-10-04 23:07:17,b'LordofWhispers',"b""Well ain't this a bitch.\n#coronavirus #TrumpHasCovid #TrumpTaxes #Thank https://t.co/uB5iV6SIb0"""
2020-10-04 23:07:04,b'ecporkchop13',b'Where are the masks??? Where is the social distancing???? \xf0\x9f\x98\xac\xf0\x9f\x98\xac\xf0\x9f\x98\x90 #pandemic #COVID19 #coronavirus #FortWorthTX\xe2\x80\xa6 https://t.co/1YGp63ieks'
2020-10-04 23:07:04,b'PaulMarin_NYC',b'From the administration that says #Trump is taking the #coronavirus seriously. Please go #vote #Election2020\xe2\x80\xa6 https://t.co/qArTZZenGP'
2020-10-04 23:06:42,b'covid19autostat',"b""This Indian guru's tips to ward off #coronavirus are angering health professionals\nby #Reuters - Mar 18, 2020\n\nThe\xe2\x80\xa6 https://t.co/L47cutexFq"""
2020-10-04 23:06:32,b'chrisgower',b'Everyone ever: if you have #Coronavirus self isolate and stay away from others.\nDonald Trump: I have Coronavirus so\xe2\x80\xa6 https://t.co/rCRwmewBBv'
2020-10-04 23:06:31,b'authenticreel',b'@amber_athey The trip on Maribe One was necessary in order for him to receive vital care....HOWEVER; the ride aroun\xe2\x80\xa6 https://t.co/hxnsxdwOOh'
2020-10-04 23:06:28,b'Trinitydraco1',"b""No one is asking anyone to hide in a basement and it's manipulative to try and play it that way. What we are asking\xe2\x80\xa6 https://t.co/V9cNulL7uO"""
2020-10-04 23:06:17,b'itisNilDesperan',"b'@B52Malmet Making a mockery and disrespecting #coronavirus #COVID19 victims, healthcare workers, his staff, taxpaye\xe2\x80\xa6 https://t.co/h5ph66X8ji'"
2020-10-04 23:06:14,b'rugcernie',b'What if our POTUS had led the way in containing and fighting the #Coronavirus? #NFLSunday'
2020-10-04 23:06:09,b'GetMyGist',"b'@CNN Dear @Pontifex\n\n""No one died FROM #coronavirus."" ~President of #Pathology\n\n#Billionaire Gates declared a virus\xe2\x80\xa6 https://t.co/7W61IDS0XT'"
2020-10-04 23:06:06,b'justmeloripop',b'why the coronaparade if hes going to be discharged tomorrow? absolutely selfish and wreckless! #donaldtrump #coronavirus #covid19'
2020-10-04 23:05:54,b'geegeebythesea',b'https://t.co/mfRlhsDCOK\n\nAttn: @CherokeeNation @CherokeePhoenix @IndianCountry @indianz @IndianAffairs\xe2\x80\xa6 https://t.co/NGAys5mWHY'
2020-10-04 23:05:47,b'LightfootInHwd',"b'Flat broke, not a billionaire, supports #ProudBoys, hides #COVID diagnosis while going to fundraisers up and down I\xe2\x80\xa6 https://t.co/CDWlWCDweS'"
2020-10-04 23:05:47,b'missmonalisa02',"b'He is such a vile subhuman. ""Contagious narcissist goes on joyride for adoration"". \nWhen we are cov19 positive we\'r\xe2\x80\xa6 https://t.co/B7JrnTAcWE'"
2020-10-04 23:05:40,b'RiaSestito',b'San Bernardino County reports 264 new #coronavirus cases and no new deaths Sunday \n\nhttps://t.co/VpvyciyVNA via @mydesert @Report4America'
2020-10-04 23:05:35,b'Moniorti',b'@subsalr Pence HAS TO invoke the #25thAmendment. Trump is a #NationalSecurityRisk and a complete nightmare for ever\xe2\x80\xa6 https://t.co/kVXKPSjuz8'
2020-10-04 23:05:26,b'ReSiStEr4EvA',b'Today we remember the 211k Americans that died due to covid. #COVID19 #coronavirus #TrumpVirusDeathToll210K\xe2\x80\xa6 https://t.co/KfACyTRTRO'
2020-10-04 23:05:16,b'kr3at',"b'New York reports 5 new cases bringing total confirmed cases there to 499,251 and 33,300 total deaths, with 1,217 ne\xe2\x80\xa6 https://t.co/shK2l7lqNh'"
2020-10-04 23:05:01,b'WLSA_GRIT',b'A review of #COVID19 studies reveals a troubling connection between two health crises: #coronavirus and #obesity.\xe2\x80\xa6 https://t.co/oOlVl6slBF'
2020-10-04 23:05:01,b'NewThor',b'day 3-5 bad effects\nday 6 you feel great\nday 7-10 the worst of it.\n#coronavirus'
2020-10-04 23:04:59,b'ninatypewriter',"b""#Coronavirus #COVID19 TRUMP'S COVID JOYRIDE\nFollow my lists:\nDC https://t.co/7iYmgdC1gL\nNY https://t.co/XRWlBh4VMz\xe2\x80\xa6 https://t.co/KSZPIvN0Cj"""
2020-10-04 23:04:57,b'coronatracking1',b'#Coronavirus #COVID19 US Cases by Johns Hopkins CSSE as of 10/04/20 18:04 CDT https://t.co/LjWqprbRBy'
2020-10-04 23:04:50,b'therealLRB',b'Students and staff of @usd497 deserve to be educated and work safely! #allstudentsoneteam #red4ed\xe2\x80\xa6 https://t.co/1EPJTe99sV'
2020-10-04 23:04:49,b'coronatracking1',b'#Coronavirus #COVID19 Global Cases by Johns Hopkins CSSE as of 10/04/20 18:00 CDT https://t.co/a3wrmtAxXk'
2020-10-04 23:04:25,b'NatTremb_',"b""@cnnbrk Here's what Trump doesn't know about protection against #coronavirus He let the Secret Service risk to get\xe2\x80\xa6 https://t.co/xJTEz6nfYw"""
2020-10-04 23:04:24,b'aliensky0',"b'#LMFAO ft. #LaurenBennett, #GoonRock - #PartyRockAnthem (Official Video) https://t.co/0Wdn88IrMu via @YouTube\xe2\x80\xa6 https://t.co/z2MpAo8wSz'"
