comments,id
Are any of those for Family therapy/marriage therapy? :),g0h1yc
"98point6 

Telemedicine I've been using before corona. 

1 dollar visits, yearly subscription. First year was only 20.00 dollars",g0h1yc
Nothing new to add.. but I really like PlushCare! $99 without insurance or a $10 copay. There are 2 male and 1 female doctors. I see Natalie! She‚Äôs really nice with a warm and kind personality. She keeps things quick and simple :),g0h1yc
I‚Äôve used DocBright.com for derm appointments. Would add that to the list as well,g0h1yc
"PM Pediatrics Anywhere  
[https://pmpediatrics.com/pmpanywhere/](https://pmpediatrics.com/pmpanywhere/)

They're normally for pediatric when your primary is closed, but for COVID-19, they did adult telemedicine. I was able to do a video call and get an antibody test scheduled at no cost.",g0h1yc
I use Quick Rx to get my thyroid meds. It is not cheap at $79 bucks every 3 months. But it works for me. Most others don't list thyroid as a condition they will rx for.,g0h1yc
Doxy.me for psychotherapy,g0h1yc
"SteadyMD. Get paired with a doctor who matches your life/needs/concerns. Talk with that same doctor over the coming days, weeks, and months over text/phone/video chat. First appointment a full hour.",g0h1yc
I‚Äôve been using Amwell for over 3 years now. There are a lot of discount codes that can be found on the web.,g0h1yc
I have asthma and chronic bronchitis but don't have insurance bc I have a disabled child whose needs come before mine. Does anyone know if any of these would write me an excuse from work bc I am high risk?,g0h1yc
Anyone aware of any telemed which can do a physical?,g0h1yc
Well Connection app - Blue Cross Blue Shield of Massachusetts members,g0h1yc
MyTelemedicine - [https://www.mytelemedicine.com](https://www.mytelemedicine.com) used it recently when I was having symptoms and the urgent cares in my region were overwhelmed,g0h1yc
United Concierge Medicine www.Unitedconciergemedicine.com,g0h1yc
Which is the cheapest?,g0h1yc
Highly recommend PlushCare! You can even add family members to your account for free.,g0h1yc
"Depending on your insurance you can teleconference with local therapists. psychiatrists, and counselors for no additional charge. Been doing it since March for both a psych doc and a therapist. Immensely helpful.",g0h1yc
"I have personally used both of these and had good experiences. FetchMD also offers house calls in some situations.

FetchMD: https://www.fetchmd.com/

24/7 Call-A-Doc: https://247calladoc.com/",g0h1yc
"Physical therapy for the lgbtqia+ community (and allies) in NC, SC, TX and VA [Rainbow Embrace Physical Therapy](https://rainbowembrace.com/)",g0h1yc
Centura Health uses an app called Virtual Care.,g0h1yc
"Another good resource for finding a therapist is psychologytoday.com. Most therapists are seeing clients online at this time. If you reach out to a local therapist, you may eventually have the option of meeting in person, once it‚Äôs safe to do so. If you‚Äôve got any insurance, there is a strong possibility that it will cover telehealth and may even cover it at 100%, at least for the time being.",g0h1yc
"If you are fortunate enough to have insurance, they cover therapy. As of right now anything psych related is being done over the phone.",g0h1yc
"Doctors on Demand have providers for psychotherapy. Rates Fe reasonable and they accept insurance. Heck,, I think they're partnered with UHC for 0 co-pays during the pandic. But don't take my word for it, check with UHC.",g0h1yc
Simplepractice and Doxy are decent platforms for therapy,g0h1yc
"You get what you pay for. I have a private office and we dont process insurance. Ppl come to me anyway because I can actually spend 45min - 1hr going over complex things. Or have a lazy Sunday appointment over the phone with me if something is bothering you. (www.visitthedoctorsoffice.com)

I'm the main doctor at the Brookfield location. We have a 70yr male doctor who does more cardiac and internal medicine things. $85 for a 2 month supply for most issues (me at least). Pandemic rules allow me to treat people in other states over the phone. Especially anxiety and attention medications are popular right now because 2020 is making people stir crazy. Addiction medicine is a little more expensive because it's a whole different animal.

**Office 414-455-0463**. I have a few people that really like the privacy of no insurance, no computerized files. People with addiction issues, mental health, depression, low testosterone are many of the things working age men come to see me. I have a few die hard patients; one drove down from Canada every month to see me (limit to take Rx over the boarder 1 month supply). Also I'm into muscle/fitness/longevity medicine too. Sutures. trauma. Bring it!",g0h1yc
How much after the first year?,g0h1yc
Thanks for the info,g0h1yc
Cash pay?,g0h1yc
Pm me. I can do visits over the phone. $85 bucks. Sounds like you need an inhaler and nebulizer too. I can fix it for 6 months. State rules are relaxed during the pandemic.,g0h1yc
Insurance doesn‚Äôt cover it,g0h1yc
I could do a physical telemed. The MMA physicals are a lot more intense so I cant do those. Hopefully there are less matches happening. Edit: can't do MMA physicals telemed. Only in person.,g0h1yc
"**I found links in your comment that were not hyperlinked:**

* [www.Unitedconciergemedicine.com](https://www.Unitedconciergemedicine.com)

*I did the honors for you.*

***

^[delete](https://www.reddit.com/message/compose?to=%2Fu%2FLinkifyBot&subject=delete%20g1y3k8s&message=Click%20the%20send%20button%20to%20delete%20the%20false%20positive.) ^| ^[information](https://np.reddit.com/u/LinkifyBot/comments/gkkf7p) ^| ^<3",g0h1yc
What would you recommend for complex issues? (Telemedicine),g0h1yc
"$120.00 per year and $1.00 per visit. 

I absolutely love the service btw. doctors are quick, to the point and help me everytime.",g0h1yc
Yes,g0h1yc
"I'm better. Call me. I'm fed up with this situation.
[The Doctor's Office -Im in Brookfield WI](http://www.visitthedoctotsoffice.com)",g0h1yc
That's okay. If you're aware of a provider I'm willing to pay for the service.,g0h1yc
"I don't really have the energy to respond to this question. Complex psych/anxiety/drug addiction problems. Also those people are more likely to wig out if I don't give them what that want. They can't jump me through a phone or computer screen.
Edit: insurance doesn't cover addiction very well
 And your employer will find out if they are giving you insurance.",g0h1yc
That sounds prohibitively expensive unless you don't have insurance or if you get sick often.,g0h1yc
Pm me,g0h1yc
"Expensive? I'm a single 40 yr old girl no health problems. No work offers insurance go to the unaffordable care marketplace. Per month I'd have to pay $700/mo. Not based on my income unless I am way below poverty line. If I need hospital care I have to pay 22k+ out of pocket before anything is covered. I hope my practice continues to gain steam. The Dr gets reimbursed fairly, you get billed fairly. The insurance don't get their hands on the money.",g0h1yc
Why not share that information with the public who are searching for help on this thread?,g0h1yc
"Texas - mild.

Just drove to my families in Georgia. We‚Äôve all been SUPER careful for monthsssss.

About 50%+ of people in Florida aren‚Äôt wearing masks. 

About 15% in Georgia aren‚Äôt wearing masks.",kdsqzj
#Southeast (AL/GA/FL/SC/NC/VA/TN/MS),kdsqzj
#South (KS/OK/TX/AR/LA),kdsqzj
#Northwest (WA/OR/ID/AK),kdsqzj
"Bradenton, FL. 

Most people are wearing masks, however there seems to be an incompatibility with camo for some odd reason.",kdsqzj
#Northeast (MD/DE/DC/PA/NY/NJ/etc.),kdsqzj
#West (CA/NV),kdsqzj
#Midwest (MO/IL/IN/OH/WV/KY),kdsqzj
#Upper Midwest (MN/WI/MI/IA),kdsqzj
#Northern Rockies/Plains (ND/SD/NE/WY/MT),kdsqzj
"Not very much, if at all. The corona virus stories, statistics and fear published by the mainstream networks don't match what's generally occurring in real time.",kdsqzj
"Gulf coast Florida here, seems like most people mask up in stores, but more and more are opting to not wear mask in last couple weeks.",kdsqzj
"Northern California here. Nice day today so decided to walk along the old train line trail to downtown area. The walking trail is a high traffic lane filled with bicyclists and joggers, majority of them maskless. Downtown stores with long lines of shoppers waiting to return holiday gifts. Mask wearing in stores and downtown areas except for a few here and there which I find puzzling. Turned around and went home as it was way to crowded.",kdsqzj
Modesto California. People are fed up and starting to live life like we used to.,kdsqzj
#Southwest (AZ/UT/CO/NM/HI),kdsqzj
"MN - Minneapolis/Saint Paul - High

99% of people wear masks correctly while indoors in public as the state mandate orders. I was just at a large grocery store tonight with 100+ people shopping and saw a couple people with both mask and face shield on. In the urban areas, there is more adherence to the mask mandate. When you go to the first ring suburbs, I would say mask wearing adherence is about 95-98% of people in public spaces indoors. When you go to outer ring suburbs/semi-rural areas, the mask wearing is about 80-85%, and people are of course not as concerned there (until they try to go to an at capacity rural hospital which is not equipped with Covid ICUs).",kdsqzj
https://youtu.be/3NBE2t7s9iY basically,kdsqzj
"Wisconsin - I would say about 80% of people I see in most stores are wearing masks....that is grocery stores, department stores, home improvement stores...etc. But I have noticed that small stores like my local gas station, the Christian book store, local restaurants, and places like that the rate is much lower. Also I was in my mom's church for Christmas and about 40% of people wore a mask but about 30% of those who did removed it once they were sitting down in church. I don't get that at all.",kdsqzj
"SOUTHEAST

Extremely concerned about people in Brevard County, Florida: The county commissioners RECKLESSLY voted against a mask mandate in Brevard County Florida. Residents here rarely wear masks outside when in crowded gatherings.  They only wear masks in stores, and not everyone wears masks. In offices, they are free to follow the directives of the employers.

Cocoa Florida:

Cocoa Village: People seen gathering outside, with no masks, listening to live musicians /singers, who perform within 10 feet of the small crowd, none (zero )with masks. Name of Pub: the Village Idiot.  (Aptly named pub, eh?)  Observed other outdoor patrons at several restaurant cafes all leisurely enjoying meals, sitting in tables, well within 6 feet of each other. Quick scan of all the people- not one person wearing a mask. A few people wearing masks wear walking around Cocoa Village but it was rare.  During the holidays  events like this were held [https://www.visitspacecoast.com/event/santa-stumble-pub-crawl-cocoa-village-2020](https://www.visitspacecoast.com/event/santa-stumble-pub-crawl-cocoa-village-2020)

Rockledge, Florida:

No MASKS required at all in Rockledge FL  (There is complete freedom to catch COVID19-a deadly disease!) Post office staff member who was clearly not concerned about standing behind a partial and thin plexiglass, was finishing her shift and she had no mask on as she served customers -well within 6 feet of each client. No masks on any of staff of Claytons Crab Company - a store selling seafood which was especially crowded during holidays.

Melbourne, Florida:

In stores, masks are seen most of the time, however, when customers have no masks and it is mentioned to the store employee,  no action is ever taken. None.

Viera FL (part of Melbourne FL) Melbourne FL neighborhoods: People have many cars parked in front of their homes (With out of state license plates and in state license plates) and clearly are hosting parties , with guests who are clearly not living in their own households.

There continue to be many events that recklessly draw people into large gatherings- with no social distancing and no masks.

[http://spacecoaststatefair.com](http://spacecoaststatefair.com)

[https://viera.com/event/glow-hot-air-balloon-festival](https://viera.com/event/glow-hot-air-balloon-festival)

[https://www.spacecoastmarathon.com](https://www.spacecoastmarathon.com)

Viera Community Center: Observed baseball and soccer players aggressively competing  outside (with zero social distancing obviously) and no masks. Several outdoor games being played at once.

USSA United States Specialty Sports Association  [https://www.usssa.com/home/](https://www.usssa.com/home/)Regularly drawing constant influx of thousands of visitors from out of town - they are drawn here to participate in USSSA -  Sports enthusiasts visit Viera Fl as spectators or athletes in competition. They are almost always without masks, sitting in the stadiums cheering or walking around the stadiums, parking areas, or with other athletes engaged in sports and/or posing for team photos.

There is a false sense of security in Brevard County.  People are gathering,  without worrying even a little, about social distancing or wearing masks. Brevard County is actively encouraging gatherings and tourism. Check it out:

[https://www.everythingbrevard.com/events](https://www.everythingbrevard.com/events)",kdsqzj
"Upstate NY checking in, pretty much everyone up here wears masks in public, you see the occasional mask under nose idiot bit most wear it.

However there was recently a super spreader party further North , underage drinking party and it's looking like the parents were......teachers.",kdsqzj
"Lake Tahoe, so CA/NV. Everyone wears masks but distancing is hit or miss. The big issue is we are already a huge tourist destination and have been consistently as busy or busier with tourism as usual. A lot of people are growing tired of the regulations, but we have a new wave of people filling the town every few days. Really makes it feel pointless to put so much effort into even trying.",kdsqzj
"My county in Montana is at 10% of the population having/had COVID since the start of the pandemic, yet our restrictions are getting looser as our cases and deaths begin to rise again, with less and less people wearing masks and most businesses and schools returning to ‚Äúnormal‚Äù. We are fucked lol",kdsqzj
"Illinois here

Can't speak accurately for the central or northern parts of the state but those tend to be more liberal/democratic in their views.

I live in the southern part of the state and its basically: a. Virus isn't real b. Trump was cheated c. Democrats are the devil  d. I get all my ""facts"" from Facebook and Fox News

Schools around here have been talking about bringing all kids back by March 1st yet we're dealing with an major increase of cases in two days of school being in session",kdsqzj
Let me guess...Metro ATL area? If you get an hour outside of the city it drops to less than 50% usage.,kdsqzj
"Sadly Florida here. 

What you see & hear is true. 

There's not many of us who mask up & do the right thing. God bless those who do in FL. We thank YOU!",kdsqzj
"Nc here, still pretty poor, granted I don't go in any stores. But by what I see in restaurants when I walk downtown, I'd say 60% proper mask use.",kdsqzj
"TN - rural. Way more people wearing masks in the downtown area than in previous weeks. Pharmacy still not requiring mask wearing for employees or customers, but many were wearing masks. Some stores have signs requiring mask wearing, which is new.  People not wearing masks in the grocery store were in the minority, where it's been about 50/50.",kdsqzj
"SC upstate, complete lack of mask compliance outside of Walmart and other major chains, some general hostility towards masks. 20% positivity rate.",kdsqzj
"Metro Atlanta- most people are masking up but there are a few central areas that are not including one mall near me which is no man‚Äôs land and the wild Wild West of no masks. So I guess I meant say, fairly seriously except for a few key shopping areas including malls and even the Avalon area.",kdsqzj
"Aventura FL is actually on par with NYC where 90% of people wear masks, and virtually everyone is masked (albeit occasionally incorrectly). Except of course people on the beach and dining. Inside dinning is ongoing which is a little freaky to me personally and I wouldn‚Äôt dare.",kdsqzj
"Middle TN.
It feels like even employees aren't wearing masks. We have a bunch of mandates and policies for them but there's a lack of social distancing and mask wearing.",kdsqzj
Surrounded by morons and deniers in Upstate SC.  Most people now wearing masks but a large group still aren‚Äôt.  28% positivity rate last week.,kdsqzj
"Update, upstate SC. We've achieved 30%positive testing rates, new highs in covid patients in hospital. Still very hostile towards masks. Recent article says if you're with 10 people there's a 97% chance someone's positive.",kdsqzj
"Contrary to what others are saying about Florida, I live in North Miami so I‚Äôm not sure about other areas, but everywhere I go everyone is wearing masks. Even outside for the most part. I don‚Äôt mind people not wearing masks on the beach and walking outside but in stores I never see anyone without a mask. I lived in Az when this began (moved in July) and I have traveled back there a couple times and Az less people wear masks. There‚Äôs usually a couple people in each store without one in Arizona. Here I have not seen anyone without a mask inside in my area.",kdsqzj
"**Question for Florida residents.**  
Do you think there will be a lot of out of state visitors during spring break?  
Hopefully not but I was wondering if Florida will do anything to mitigate the surge  
of visitors during spring break.",kdsqzj
Central VA here. 99% of people in indoor public spaces are masked.,kdsqzj
"Deep south, tip o Texas. The Hispanic population is very respectful and diligent in mask usage. Every now and then you see someone without a mask, and they're always a white.",kdsqzj
Dallas / Fort Worth is reluctantly following guidelines. Most people are wearing their mask and doing so correctly but they will tell you they thing it's bullshit if you linger too long.,kdsqzj
"Arkansas here.  Mixed bag grocery store that I go to looks great.  But in the same shopping center I see a beauty supply place and a few other businesses where I occasionally see maskless people, but 50 percent I see with their noses out.

I went in for a vaccine trial and politely reminded 5 people to fix their masks.  2 were employees that had them under their chins.  I was double masked with an kn95.",kdsqzj
"Tulsa / mask useage way up at Target, grocery stores. Some restaurants try but most seemingly allow too much volume for spacing. Local businesses fighting 11 pm curfew. I‚Äôm skert but it‚Äôs just watch out for your own self around here.",kdsqzj
"I'm in Texas and most people I know are living their lives like normal. It's hard for me because I'm super careful yet family members in other states are constantly questioning why I am still going to my spin classes or why we ate dinner outside on a patio (for the 1st time since March mind you) a month ago. Most of my family is in Illinois where things are a lot more strict. 

I don't do the bar scene and haven't since before this started although my friends still do. I'm in the middle I guess at this point. I wear my mask, social distance and am impeccable with my hygiene. But at this point, for me, it is basically to the point that if I can go out and go to work I can go to my spin classes every week if it keeps me healthy mentally through this. But to get back to the point,  if you wanted to go see live music indoors tonight I could point you in at least 3 pleases within a mile of me open & crowded with not a mask in sight.",kdsqzj
"Life's back to normal, or close to it. 10% of the population seems to be taking the virus seriously, 90% think it's just a hoax and inconvenience. People around me respectfully wear the mask in public, but no one wears masks at parties or gatherings. An equilibrium has formed in that those that are staying at home and/or social distancing have already been identified and excluded from social functions. Unfortunate part is that healthcare workers aren't really taking this seriously either, besides a few nurses and older docs. Another thing is that a lot of healthcare providers/workers/general population try to hide any symptoms of respiratory issues.",kdsqzj
"Spokane WA here 

It really depends where you go. Some people take it seriously and stay away in stores and are diligent with correct mask wearing. I‚Äôve seen this more at Target or Albertsons. Some places, like Walmart, are just a complete mess of people refusing to wear a mask, or have their nose out, and will stand right by you. 

Then you have the people so extreme they will drive to Idaho to grocery shop to get out of wearing a mask/have looser mask rules.",kdsqzj
"Central Oregon checking in. Mostly everyone is wearing masks, even outside, which is excellent. We've been spared the bulk of this until now and I suspect people are tired of everything. 

My employer didn't let us work from home but they are doing the best they can with the resources we have to keep everyone safe. We've had a case in my building but no others that we're aware of. Given the reaction to the first case, though, they might have just decided not to tell us about others.

We do have some anti-mask types here, but they're mostly relegated to the out-towns. When they do venture into the city, it's to waggle any number of American flags at us, complain about ""muh freedoms"" and collect their so desperately needed attention before fucking off back to whatever half acre they crawled out of. Fun times.",kdsqzj
"Portland checking in. Seeing masks, but also seeing packed stores. I know lots of folks traveling for Christmas. This is all so terrifying.",kdsqzj
"In Seattle 99.9% of adults wear masks indoors. Winco, walmart, Nordstrom, Fred Meyer, etc. Outdoors, maybe one in 100 wears a mask. No one bothers to social distance and lots of people have their noses sticking out of the tops of their masks. There are big crowds in stores. Kids don't often wear masks. Edit: people aren't denying covid is real, but they don't seem to think it affects their kids as much as it would affect their old people. My inlaws in Richland (SE Washington) told me covid is a ""Democrat hoax""",kdsqzj
"Portland, OR. Inner city in deep blue area. Stores are packed but everyone is in masks even walking alone outside lol. I know a lot of people still seeing family and a few friends though they just aren‚Äôt posting on social media bc there is a lot of ‚Äúwoke‚Äù judginess here. I think a lot of ppl are over this but afraid to talk about it.",kdsqzj
"WA, Seattle suburbs. Although mask compliance is high indoors and out, people violate the 6ft rule 99% of the time. Grocery shopping makes me anxious because people just don't seem to care. During the first week of the 25% indoor capacity, grocery stores had people outside limiting the number of people inside but that's not something that happens regularly except with my local butcher. Might try and find a new shopping time because it's just so aggravating not being able to regularly keep even 3 ft of distance.",kdsqzj
"Montgomery county, MD (close-in DC suburb) Safeway has started limiting customers coming in, had to wait 10 minutes in below freezing weather.  I'm not mad that they are doing it again, but I would have brought hat and gloves if I had known I would have to wait.",kdsqzj
Western PA: Witnessed a guy get mildly threatening when asked to mask up (at the grocery store).,kdsqzj
"NY, Long Island here. Everyone wears masks in grocery stores, hardware stores. At work, people take off their masks inside cubicles and hard walled offices. Not me. I wear two. 

Seven people that I know well tested positive in the last two weeks. People were told Dec. 22 to return to remote working if possible, indefinitely.",kdsqzj
"New Castle County, DE. Saturday late night grocery trip, almost entire milk section cleared out. Toilet paper shelves overflowing. Odd!",kdsqzj
"Normal in the Philly suburbs (masks inside stores, etc.) There were paper towels and cleaning wipes available in the store today‚Äînever thought I‚Äôd feel excited to buy those!! My family in the more rural Berks County say people aren‚Äôt wearing masks inside much anymore there.",kdsqzj
Boston folks follow the guidelines relatively well. Our numbers are nothing like other states yet people here are acting like we‚Äôre in the worst position. But that could also just be that people are extra vocal on Reddit.,kdsqzj
"Upstate/Western NY: People were taking things pretty seriously in the spring, but by this point, a lot of people have sort of stopped being so careful. There‚Äôs a few hotspots in the Syracuse area but I‚Äôd say mask wearing in stores is only about 60% these days.",kdsqzj
"Philly suburbs; I work in a grocery store and we have maybe one or two customers a day who don't wear masks. Most larger places I go, people are good about wearing masks indoors, but smaller places seem to ignore the rules. I got takeout from a restaurant the other day and the waitress had to run across the room to grab her mask before approaching me. üòë",kdsqzj
"Southern ME, outside probably 25% of people wear masks, inside is close to 100% everywhere I‚Äôve been. Every once in a while you see face shields or noses out but it‚Äôs rare. I think stores taking the mandate seriously helps with it. No mask - No service at all the places I frequent.",kdsqzj
"South Jersey...people are still pretty good with masks but more noses are hanging out these days.  Alot of people I speak to, neighbors mostly, seem to be smart but are increasingly becoming less concerned.  Hope this ends soon.",kdsqzj
"Western New York. Almost 100% of people in grocery stores at least HAVE a mask, but then they pull it down to talk, have their nose out, chin diaper with it like it's there just for aesthetics, etc.",kdsqzj
"OC, CA here. Seems like most people don‚Äôt care we hit zero available icu beds. Seeing videos online of packed bars and clubs, lots of restaurants decided not to shut down, lots of stylists said nope, our cases are surging and the state just ordered more body bags and mobile morgues. So sad.",kdsqzj
"Nevada here , they had freemont street open for new years Eve and the strip and most were from California....",kdsqzj
West side of LA - everyone seems to be wearing masks or at least putting on a mask when passing others on walks and hikes. Went to Laguna in OC for a hike and only 50% of people were wearing masks on a crowded trail.,kdsqzj
"SW IL, not sure as I haven't left my house in months for anything except doctors visits and to no contact grocery pickup. The numbers of new cases are going down, so that's good. Deaths are still too high though.",kdsqzj
"Chicago is going strong. Cases are reducing.

No indoor dining. But ""outdoor dining"" is basically indoor dining but in plastic walls. 

I haven't encountered anyone not wearing a mask in stores, but sometimes you see people outside without them.",kdsqzj
"IN here. I haven‚Äôt seen someone inside a building without a mask since the Spring. Surprised to hear that the same isn‚Äôt true elsewhere. Cases are spiking where I live, we‚Äôre breaking records left and right.",kdsqzj
"WV here it's a fucking mess. Like 60-70% seem masked up from grocery store visits, but theres no distancing. Even people that will wear a mask go and hang out with friends and family. Holidays were business as usual. We're reopening schools later this month while leading the nation in cases per capita. Indoor dining and bars are open. I fucking hate it.

Forgot to add that hospitals are starting to hit max capacity and we're still full steam ahead for schools and sports. Local school here actually did a facebook poll to see public opinion on reopening. It was 1/4 in favor of staying virtual.",kdsqzj
"Milwaukee, WI area here. Mask usage still seems decent, but what people are doing for the holidays concerns me. From what I saw, our state was kind of responsible during Thanksgiving. A good number of people at least said no to the large gatherings. Let‚Äôs hope that extends to this part of the holiday season. I‚Äôm a little pessimistic though, as I think people are getting too burned out. I know it‚Äôs hard, but we can do this!",kdsqzj
"Holland, MI- from what I‚Äôve seen, most everyone complies with mask wearing and it‚Äôs usually covering both nose and mouth. I know people who hate the rules and aren‚Äôt convinced masks help, but they still wear them properly inside stores. 

I‚Äôve seen about 20% of people in the greater downtown area wearing masks on a near-empty street, outside, by themselves.

In the churches that choose to remain open, attendance is way down. 

Multi-household indoor gatherings is a mixed bag. Most of my friends/family are on a self-imposed quarantine of sorts. Indoor dining isn‚Äôt permitted so it‚Äôs just people‚Äôs houses.

A few people (both Republicans and Democrats) clearly believe it‚Äôs overblown and do what they want.

On the whole, about half the people are very concerned. This is just my experience.",kdsqzj
"Metro Detroit, Michigan - Everyone that I've seen at stores is wearing their mask appropriately at this point. I have stopped going to the few stores that I noticed not enforcing it.",kdsqzj
"MN - Minneapolis/Saint Paul - High

99% of people wear masks correctly while indoors in public as the state mandate orders. I was just at a large grocery store tonight with 100+ people shopping and saw a couple people with both mask and face shield on. In the urban areas, there is more adherence to the mask mandate. When you go to the first ring suburbs, I would say mask wearing adherence is about 95-98% of people in public spaces indoors. When you go to outer ring suburbs/semi-rural areas, the mask wearing is about 80-85%, and people are of course not as concerned there (until they try to go to an at capacity rural hospital which is not equipped with Covid ICUs).",kdsqzj
"I‚Äôm in Nebraska; yesterday was my monthly outing to run errands to take care of things I can‚Äôt do online. I was in three different stores and did not see a single person without a mask. A few didn‚Äôt have them covering their nose and one target employee pulled her mask down every time she spoke, not too bad. This is more mask usage than I‚Äôve seen up to now. Even though our governor is too stupid (or depraved) to pass a mask mandate, cities are passing them and people finally seem to be getting it - all it took was 300,000 dead people.",kdsqzj
Except with no hospital beds available this time?,kdsqzj
There's no one commenting here because they're all partying. But for real - not taking it seriously. I'm currently quarantined.,kdsqzj
"I work in Healthcare in a smaller retirement community, and they literally don't give a shit about covid. Both hospitals over capacity and ass hats all over town wearing the chin mask or no mask. It's disheartening. At least I got the vaccine yesterdayü§ûü§¶‚Äç‚ôÄÔ∏è",kdsqzj
"Arizona checking in, I never go on the us subreddit so hello everyone, businesses are completely open including dine in and gyms. I'm an Uber driver so I constantly am seeing patrons gather especially on weekends.  I deliver near the mall at times in phoenix, and it was packed for shopping from black friday to now. Like seriously insane, and the traffic seems the same as last year even though I'm sure it's still a little down. It's just so discouraging, I've already gotten the virus a couple months ago. It happened bc my sister hosts at cheesecake factory and got it there. Fuck all of this",kdsqzj
"I see a lot of mask drama online but the few times I‚Äôve been out most people wear masks. Except Hobby Lobby. They wear chin straps. 

However every big box store has a full parking lot. Doubt there‚Äôs much social distancing.",kdsqzj
My parents live in Salt Lake and they are both in their 60s. They ate at Chuck a Rama (big ol buffet) last week with all four of my mom's sisters and their spouses,kdsqzj
Brunswick so deff outside of the city.,kdsqzj
Miami Beach here! It‚Äôs like we get all of the people from all over the country that just don‚Äôt give a fuck.,kdsqzj
"NC box store worker- It‚Äôs a nightmare! I fear for my health daily. Customers remove their mask after they get passed the front doors. Half of the masks wearers will leave their nose out. I have even witnessed a woman pulling her mask off to laugh, another woman taking her mask off so she could pick her nose, and customers are constantly pulling their masks down to ask us questions. Plus, no one social distances! They crowd the employees. I‚Äôve been touched, coughed on, and surrounded by so many customers I thought I was going to have a panic attack because I didn‚Äôt have any personal space and no where to go to get away. I was right in the middle and I felt like a bleeding fish who had just attracted every shark in a 25 mile radius during breeding season! I hate going to work. When I‚Äôm not at work, I stay home unless I have to make a fast stop to the grocery store and can‚Äôt get it delivered. I‚Äôve never been a social person but I absolutely loath people now! I feel like I have zero protection and no safe place at work! It‚Äôs only going to get worse also. I wish they would limit the number of customers allowed in to a smaller number and close the store for an hour mid day to really clean the surfaces and let us restock safely. We need stronger and safer guidelines put in place because what we have now is a joke! I don‚Äôt know how much more I‚Äôm going to be able to take until I snap and run out of the store or go off on someone who is crowding me, getting hostile with me and demanding to know where the toilet paper is! I need my job, I need insurance so I‚Äôm desperately trying to fight myself daily to go to work and just go to a safe place in my head while I‚Äôm at work but everyday I‚Äôm getting more and more upset at the total disrespect and idiocy people are showing! It‚Äôs so nice the customers aren‚Äôt worried but guess what? I‚Äôm scared as hell everyday!",kdsqzj
"I live in NC and had to travel through SC over the weekend. Based on the total lack of mask compliance I saw upstate, you‚Äôd almost never know there‚Äôs a raging pandemic killing hundreds of thousands of Americans.",kdsqzj
Same in the low country (coastal region of SC). To many people belief wearing a mask takes away their civil liberties.,kdsqzj
"It‚Äôs no better in the rest of the state. Technically, Columbia has a mask mandate...but that only lasts as long as it takes people to get out of the door employee‚Äôs line of sight.

Sometimes, not even that long. 

And half of those wearing masks are wearing them wrong- noses out, on their chin, somehow only covering their upper lip- or taking them off every time they become remotely inconvenient

Apparently positivity in SC crept over 30% yesterday.

1 in 3 tested.

We‚Äôre doing *great*.",kdsqzj
North Miami is the ghetto though..,kdsqzj
"Yes I'm expecting lots of spring break visitors. Some businesses may be requesting precautions but any mitigation attempts from the top is unlikely. We're basically inviting people on the basis of no mandates at this point. ""Party on the beach and get a free vaccine"" is the message I'm expecting.",kdsqzj
"I would back up what you say:  when I do go out for groceries (maybe 2-3 times a month), La Raza knows what to do & we do it.

EDIT TO ADD: during tax season I make some moolah in a ""franchise"" tax prep office. Last year as tax season was winding down, and the pandemic was just getting started, I went to the office in April to get my last check. Wore a mask and the owner (generally conservative, but usually fair & sometimes funny) gave me crap about it. ""I haven't seen proof that those work"", that kind of thing. I was like ""with respect, boss, **I** think they work and I'm the one I have to worry about."" I also ditched out on the boss's traditional end-of-season party, because nooooooope

I checked back in today, to see about doing tax season again, IF the boss had some measures in place for safety. Didn't speak to the boss but the office manager, who said ""oh we have new procedures this year! Clients will just going to drop off their materials, we'll follow up with phone interviews, we want to keep things safe""

So I was like, good, glad to hear that, send me the link for the online training, see y'all on Monday (probably)",kdsqzj
I see the same in El Paso.,kdsqzj
"To be completely fair, ""driving all the way to Idaho"" is like 25 minutes in a car.",kdsqzj
I know this post is from 20+ days ago but good to see a fellow Delaware redditor.,kdsqzj
Greater Los Angeles area checking in. Ditto. Lots of people planning to travel for Christmas too.,kdsqzj
Also OC. I got accused of guilt tripping for saying that a New Year‚Äôs Eve party is detrimental to public health right now. Apparently being honest about the situation is attacking people?,kdsqzj
"[But only 1% of people die from this virus](https://old.reddit.com/r/CoronavirusUS/comments/kvw09d/how_do_we_fight_back_against_businesses_that_defy/gj2r0iq/) - some fuckheads.

Makes me wish for a revolution.",kdsqzj
I hike the trails down here frequently (in a mask) and see far fewer than 50% in masks.,kdsqzj
"Just outside of Chicago. So far, the majority are properly wearing masks.",kdsqzj
"West IN here. I went to the small local grocery yesterday evening at 8:30 pm. Counted 3 masks total(ignoring employees) but the store probably had 25+ people in and out. 

Went the other day and counted 9 masks but the people amount was at least 50+ in and out. 
I almost mixed words with the maskless Karen and her teenage daughter standing in line behind me that apparently don‚Äôt understand six feet apart or can‚Äôt read the ‚Äústand here‚Äù on the floor in line. 

Not sure where you‚Äôre from in Indiana but rural Indiana definitely doesn‚Äôt care.",kdsqzj
You guys gotta go outside and stop living in fear.,kdsqzj
Same!,kdsqzj
Lol. Probably true.,kdsqzj
"Yelled at a dude in a central NC grocery store for not wearing a mask. He was later made to leave and get this mask on before returning. No idea how he got past the front door without it. This was a couple weeks ago, though.",kdsqzj
"First let me just say I am so sorry. I just cant' even know what to say except that sucks.

Second thanks for reminding me that when I order the groceries its not just for myself, you guys working in the stores have so much more exposure.

Third I really really appreciate what you do like I have never before and think you need a raise!

Edit to add: I really hope you don't get sick and if you do that you are okay.",kdsqzj
And what‚Äôs that have to do with anything?,kdsqzj
Haha true but they still are most likely going out of their way just to avoid mask usage. They still drive back to WA and risk infecting others because of it.,kdsqzj
You‚Äôre hit as bad as we are. Today the ambulances notified us they won‚Äôt run transfers. Our bed count is at 0 and our 3 mobile field hospitals are full as well. I‚Äôm healthy and staying home but this shit has me freaked out majorly at this point.,kdsqzj
Oof. I made the mistake of posting that OC restaurant letter of some of the large places still holding indoor dining activities like parties and dining online and all hell broke loose with some friends. I just don‚Äôt think it‚Äôs ok to pack hundreds into a space when we have zero icu beds and zero destinations for ambulances. I‚Äôm afraid to trip and fall and break something or I‚Äôll be in an ambulance for 4 plus hours just waiting to be seen.,kdsqzj
Then you got that clown in the White House talking about getting everyone infected and letting nature takes its course.,kdsqzj
"Wow. I live in a mid-sized city (for Indiana). Here and surrounding areas wear masks consistently. Always inside and often outside as well if other people around.

Editing to add- Most businesses around here won‚Äôt let people in without a mask, from what I‚Äôve seen. Larger stores have someone at the door for this purpose and counting the number of people entering and exiting. Many sell or provide masks for those who come without. Nearly all have signs posted. Some have messages about mask requirements and social distancing playing between songs.",kdsqzj
"There‚Äôs a difference between going out to the grocery store with a mask on when you have to and walking around like everything is normal.

My 39 year old sister in law is having effects from covid a month and a half after she first got it. Just because this doesn‚Äôt kill a lot of people in their 20s and 30s doesn‚Äôt mean it can‚Äôt fuck you up and that you shouldn‚Äôt take it seriously.",kdsqzj
"I mean it‚Äôs just such an unpleasant place in general it‚Äôs  not even a big deal that some are wearing masks. That‚Äôs like being proud that people living in the slums are wearing masks. Ok yeah, but they‚Äôre still slum dwellers.",kdsqzj
"Yeah...the intent here isn't just to save a few bucks by driving out to the casino like I used to do when I lived there. They're the Idaho contingent of Eastern Washington.

Spokane is a weird place. Lived there for almost 15 years. So much history there.",kdsqzj
"You‚Äôre not the person going into the attic to investigate the strange noise alone. You have survival instincts. You‚Äôre doing everything you can to be safe and protect others. Keep it up, we will get through this (hopefully)",kdsqzj
[removed],kdsqzj
"I don‚Äôt even see that at the places I go to when I‚Äôm working on Indy. 
My work(office in Indy) requires masks, does temp check, and *recommends* virtual meetings despite 100% of our office being able to wfh. In fact we did wfh for over a month earlier in the pandemic. The mask requirement is very loose and half of the coworkers around me wear them under the nose or around their necks, the temperature check is sort of pointless since everyone is cooled off after walking in from the sub 30 degree outdoor parking lot, and the virtual meetings could literally be done from anywhere since you know, they‚Äôre virtual. 

The only place where I feel like there‚Äôs even a pandemic going on is work. All of the places in my area have requirements that aren‚Äôt followed. Whether it‚Äôs capacity at a restaurant or masks in the grocery, it‚Äôs all ignored despite the signs.",kdsqzj
"My 57 yr old dad was laid up on a ventilator in an induced sleep for 5 days. He was back to working 12 hr days a month later. Quit being a pussy. Take your fucking life back and live. We are all going to die at some point. You are still more likely to die driving your car down the street than die from covid. 

Youll feel shitty for a bit but then guess what, youre okay. I do feel there are folks who suffer from this more than others but dont let this make you live in fear. I work with face to face with people everyday and i dont mask up. Take care of your body and you will be fine.",kdsqzj
You seem like a stand up guy!,kdsqzj
Dude check your privilege,kdsqzj
No those people always die in the horror movie. If this is a horror film I‚Äôd be pissed to make it this long to die in the attic.,kdsqzj
I found it on here. I‚Äôll have to look for the original post.,kdsqzj
"That sounds like a mess, honestly. My company has had everyone working from home since March with no end in sight. Of course, I‚Äôm sure there are places where I live that don‚Äôt enforce restrictions or guidelines or people who don‚Äôt follow them, but for the most part, that hasn‚Äôt been my experience.",kdsqzj
"I made the mistake of going to Saraga Intl Supermarket there on the west side back in November and I realized it was a mistake once i noticed that about only 1 in 3 people were wearing masks in the store. Bloomington, on the other hand, has impressed me. Even the rednecks are compliant, it's definitely 99% mask compliance in almost all stores in Bloomington and probably 90-95% of those people are not dick-nosing it.",kdsqzj
"Sorry dude, the data is just not on your side with this. There are about 40,000 car related deaths each year on the U.S. we are at 350k covid deaths in the U.S., currently 3rd leading cause of death, behind cancer and heart disease. We are seeing a case mortality of around 2-3%, with a very high number of cases. 2-3% seems small, until it is a percentage of a large number.

I have known 3 people to die from this so far, most recent was in November. I am glad your father made it through it, but being on a ventilator is not fun, and not many make it off. Wearing a mask when going out is a small price to pay, to prevent spread.",kdsqzj
The worst part is I‚Äôm at least 3 times more productive when wfh. Haha. I honestly don‚Äôt mind following the mask and distancing requirement like most of my coworkers do. I just want to be more productive and save 2-2.5 hours per day in commute time. Lol,kdsqzj
That‚Äôs great to hear! Bloomington is probably taking it a little more seriously due to the university.,kdsqzj
">Dollar General is offering four hours of pay to its 157,000 employees if they get a coronavirus vaccine, the Wall Street Journal reports. Stores and businesses that have frontline workers are currently vying for accelerated access to vaccines ‚Äî hoping that early inoculation could boost customer confidence. Between the lines: Having an equivalent of paid time off to go and receive the vaccine could help hourly workers who struggle with transportation or child care.",kwhsfc
Every time I go into a dollar general the store is a cluttered mess with partially unpacked boxes all over the aisles and only one person working both as a cashier and a floor person.,kwhsfc
"Considering they treat their staff and stores like shit, why not give them a paid day off.",kwhsfc
"Every time I go into my Dollar General there‚Äôs new people working (never more than 2). I ask where the old people went and the reply is always the same, the tested positive for Covid and quit. I really feel for them, nobody wants to work there, they pay minimum wage, and are treated like shit.",kwhsfc
Kudos to management for incentivizing an important health and safety choice.,kwhsfc
Considering that DG doesn‚Äôt have a corporate policy that requires all employees wear masks I find this ridiculous.,kwhsfc
Waffle house should follow suit!,kwhsfc
That‚Äôs because they don‚Äôt pay enough.,kwhsfc
I worked at Dollar General for 4 years. It's the shittiest company I ever worked for. Paying employees to get the vaccine is the *least* they could do.,kwhsfc
"UNIVERSAL HEALTHCARE TO SAVE CAPITALISM! (but you get nothing after this once you are back working)

-Dollar General management",kwhsfc
Lol the employees in my area won't even wear a mask or if they have one on it's a chin diaper.,kwhsfc
Couldn't pay me enough üëé,kwhsfc
So like $30?,kwhsfc
Every single time.,kwhsfc
It‚Äôs the dollar store what do you expect. They are not trying to compete with target or even Walmart.,kwhsfc
It depends on where they are located in my experience. I've been to 4 or 5 and only one of them has been a mess and it was in a kind of bad area. The rest of the ones I've been to have actually been pretty nice.,kwhsfc
read about their business practice and you'll never want to step in one again.   Put Walmart killing local shop to shame.,kwhsfc
You don't want to give the peasants too much at once.,kwhsfc
Took the words right off my keyboard.,kwhsfc
If only restaurants also cared about their servers and staff this much,kwhsfc
k,kwhsfc
Afraid of that 5g going to resequence your DNA and turn you into a communist right?,kwhsfc
they sure don't pay good there.,kwhsfc
How much to delete your account?,kwhsfc
"$4 sir, we are called dollar general for a reason.",kwhsfc
"lots of states have a higher minimum wage, for example NY is $12.50 x 4 = $50",kwhsfc
"They kept them open during this and they installed plexiglass in October,  at least in Michigan",kwhsfc
Naw. I would just rather take my 50/50 chance.,kwhsfc
Why?,kwhsfc
"Lol, that's more like Dollar Tree.",kwhsfc
"As the De-Motivational Poster says about committees: ""Because none of us is as dumb as all of us.""",kw26sh
I live in Alabama. Can confirm that many of these people here are dumb as fuck.,kw26sh
That explains why they have a high rate at 45%.,kw26sh
Maybe they are all waiting in line at CVS for a COVID vaccine /s,kw26sh
"For us students who attend UA, the school said for the next 2 weeks that if classes want to go online it‚Äôs up to the discretion of the professors. It‚Äôs ridiculous. The university should require ALL classes to be online for at least two weeks due to this ‚Äúcelebration.‚Äù They are putting students, faculty, and staff at risk.",kw26sh
Can‚Äôt wait until they all get mad at the governor when he has to shut the state down in a month.,kw26sh
All this over football?,kw26sh
"In light of new strains being reinfect-able, I hereby express condolences in advance.",kw26sh
It's gonna be a crimson tide alright. Just give it two weeks.,kw26sh
"That's not true for all places. There are many countries where this kind of public gathering would not take place because the citizens take scientific advice and their political leaders seriously. And the sporting event would be cancelled, unlike in Alabama.",kw26sh
"I spot one, possibly two Covid masks in that crowd.",kw26sh
Let's hope that Nipah doesn't come to Alabama. What's Nipah you ask? [https://www.bbc.com/future/article/20210106-nipah-virus-how-bats-could-cause-the-next-pandemic](https://www.bbc.com/future/article/20210106-nipah-virus-how-bats-could-cause-the-next-pandemic),kw26sh
The result of zero consequences,kw26sh
I‚Äôll never understand why people behave this way about college sports. This is literally risking your life and putting others at risk because some college kids won a game. It‚Äôs just beyond dumb.,kw26sh
"What‚Äôs wrong with them?  It looks like this is from some other time, not now",kw26sh
Why? Because,kw26sh
"Lack of education, brainwashing, corrupt leadership.",kw26sh
sportsball is insanely religious in nature ive noticed,kw26sh
"If you can't fix stupid, you can't quarantine stupid.",kw26sh
">Dear Alabama, why?

Well, when two cousins love each other and don't have a condom, they generally have a child which then grows up and participates in this behavior.",kw26sh
Everyone in this sub reddit jerking each other off giving each other's facials using virtue signaling as the ejaculate,kw26sh
I hate it when people are enjoying life.  Why are they not depressed and mad all the time?,kw26sh
"I live in Alabama.

I wish I could be surprised, but I can't. People here are very ingrained into religion and conspiracy theory. The awful education doesn't help. They're also extremely judgmental, hateful, and are very pro-insurrection. Every time I pass an article from my local news organization, the comments are FLOODED with '#StopTheSteal,' 'Trump is the best president,' 'that was ANTIFA,' etc.

To see this image is not surprising. Yet I still feel my heart break because I know this will end terribly. Honestly most people don't even mask up here. I saw a lady who cut out the entirety of her mask except for the sides at WalMart for fuck sake.",kw26sh
"Not only did they win the championship, that no one outside of Alabama watched, they also won a Coronavirus diagnosis to share with their family and friends.",kw26sh
They‚Äôre called the incest state for a reason,kw26sh
RTR,kw26sh
I hate this shithole country and the white trash that makes it that way,kw26sh
Give ‚Äòem a break guys. I‚Äôm sure this is there first one. Right?,kw26sh
Bama gonna Bama,kw26sh
A-L-A-B-A-M-A,kw26sh
Roll Covid,kw26sh
"*cough, cough*",kw26sh
Wanna feel like a brave crusader of freedom for doing absolutely nothing? Shirking a pandemic does the trick !,kw26sh
Alabama is ranked 50th in education. So this doesn‚Äôt surprise me in the least.,kw26sh
"Dear [Insert any large gathering, including- get this - summertime BLM protests] - why?",kw26sh
"Darwin was there, handing out awards.",kw26sh
It‚Äôs Alabama so what else would anyone expect? Lmao,kw26sh
"The worst part is, winning the National Championship isn‚Äôt even rare for Alabama. I might understand more if the Buffalo Bills or Cleveland Browns won the Super Bowl... but Bama fans can‚Äôt take a year off?",kw26sh
"you should see the kind of ""spankings"" they got from their folks!",kw26sh
Stupid assholes,kw26sh
" BAMA has suffered on the gridiron for so many years, this is completely understandable. Sometimes you just gotta celebrate a complete turnaround in football fortunes.",kw26sh
Remind me how we‚Äôre never having full stadiums again...,kw26sh
This is why I'm a packers fan. We ain't reckless like them.,kw26sh
"Between the slow start to vaccinations, fact a large segment of the country won‚Äôt take it nor wear masks nor stop gathering in HUGE crowds...it‚Äôs going to be a rough 2020. We‚Äôre gonna see close to 1 million (official) deaths before this is all over.",kw26sh
ND celebration after beating Clemson got the same reaction after storming the field = zero Covid cases.,kw26sh
"People with related parents have a lot of health problems, and Alabama just signed up for another.",kw26sh
"It‚Äôs a peaceful protest so covid isn‚Äôt a concern. 
/s",kw26sh
Cockroaches,kw26sh
That's what happens when Corona fails to kill so much.,kw26sh
Oh man I can‚Äôt believe they did this! Don‚Äôt they know the virus comes out at 8 o clock? They even set curfews for this reason!,kw26sh
This is what incest does to rationale r/alabama,kw26sh
you could kill a couple and they might not,kw26sh
They‚Äôll be fine. People are going to celebrate a championship and they‚Äôre responsibly outside. You guys hate everyone and everything. Much rather be one of them than one of you tattle tale introverts.,kw26sh
"The question should be, why do you care?  Let people do what they want.  It‚Äôs their choice, why do you care what these people do??",kw26sh
"It‚Äôs ok, there‚Äôs only like 6 families there",kw26sh
Where‚Äôs Homelander on a podium with ragey laser eyes when you need him?,kw26sh
You should come to my family reunion tonight.  It‚Äôll be a hootenanny.,kw26sh
"Thank you. I live in California and people are still dumb as fuck too, though almost all the places I've been to, people are wearing a mask, thank goodness.",kw26sh
Which rate is 45%?,kw26sh
"Finally a sensible, logical answer not doused in outrage from the start!

And they all had the same great idea. Hold off until later in the night when there should be less traffic and the wait shouldn't be too bad either.",kw26sh
If you zoom in...some are holding their fingers up making a one.,kw26sh
"Glad the school said something because I havent heard from some of my professors at all, and we start today. Im pissed. Of the profs I have heard from, one is insisting all 25 people in the class drag their ass to campus in person despite multiple requests to have his stupid syllabus day online. One finally emailed us this morning, 3 hours before class.",kw26sh
"It‚Äôs Alabama, I doubt they do that",kw26sh
And for a team that wins a title basically every other year.,kw26sh
The Lannisters send their regards,kw26sh
"I think it is true. Other places have actual lockdowns that are enforced by police and military, with government assistance to allow people to stay home. There are procedures for quarantine and it‚Äôs strictly enforced - not, ‚Äúyou should stay home if you test positive, but if you go to Walmart, we can‚Äôt stop you‚Äù. 

When restrictions loosen, people gather, and it‚Äôs been happening worldwide since this began. I know people all over the world and hear about what‚Äôs happening elsewhere, and people are the same everywhere. The Dutch and Swiss refuse to wear masks, according to my friends. Canadians are currently flying to Florida for vacation. People will do what they‚Äôre allowed to do. We have basically no restrictions here and look at what‚Äôs happening.",kw26sh
It‚Äôs downtown Tuscaloosa after they won the national championship last night,kw26sh
"Oh, VERY",kw26sh
Ah was gonna say the same thing!,kw26sh
Found the racist,kw26sh
"Thanks, oh Bama",kw26sh
Sarcasm completely went over the downvoters heads.,kw26sh
They could wear a mask at least. Disgusting.,kw26sh
FTP,kw26sh
"This is quite naive, yet i see it all the time.

‚ÄúZero covid cases that have been reported‚Äù is very different from ‚Äúzero covid cases‚Äù.",kw26sh
true,kw26sh
Cool story bro,kw26sh
"BECAUSE THEY CAN INFECT OTHERS. 

Covid isn‚Äôt just about living or dying. About a third now experience long-term effects. Just today I woke up weak with a fever and a splitting headache, I had covid in November and was negative in December. This is what they call a relapse of symptoms. 


These people should be forced to sign a waver saying they won‚Äôt get hospital treatment. Fuck them.",kw26sh
Because their poor choices are going to kill people. Family members will die from these asshats taking it home with them.,kw26sh
Roll tide,kw26sh
God DAMMIT you made me root for Homelander you monster.,kw26sh
Hahaha,kw26sh
"Also in California, I‚Äôve noticed (besides the small minority of anti-maskers) Californians are good at wearing masks in public setting, but are not diligent when around friends and family. So I don‚Äôt think we‚Äôd see crowds like this, but you‚Äôd have thousands of individual backyard gatherings with essentially the same spread.",kw26sh
People down here lose their minds to football. This image doesn't surprise me lmao,kw26sh
You must not be in Central Calibama,kw26sh
45% bean rate,kw26sh
Great minds think alike as they say,kw26sh
Because they're excited to receive their first vaccine dose.,kw26sh
"Yeah, seriously, they've won the last 6 of 12 championships, why do Alabama fans even care anymore.",kw26sh
I don‚Äôt wish them harm. However they won‚Äôt have my sympathy either,kw26sh
and so was Uncle Daddy!   lol,kw26sh
I thought the samething as well. ND prior to the game was testing all the students before entering.,kw26sh
Don't know what I am downvoted here.  Our state health department sent out a press release saying you were racist if you were concerned that the BLM protests could be spreader events.,kw26sh
Everyone else is living their life while you are angry in your basement.,kw26sh
facts,kw26sh
But there were crowds like this after the Lakers won.,kw26sh
"I'm based in the SF Bay Area and it's great! I don't feel comfortable going out to Calibama for the next couple of years nor I have any reason to. Alameda, Santa Clara, and if for any reason, SF are the only counties I will travel around again, for the next couple of years.",kw26sh
WHAT DOES A BEAN MEAN,kw26sh
Coz they have nothing else to celebrate haha,kw26sh
" Well, it‚Äôs Alabama, it's not like they have much else to celebtate for...",kw26sh
Who tf is Uncle Daddy,kw26sh
"Covid isn‚Äôt just about living or dying. About a third now experience long-term effects. Just today I woke up weak with a fever and a splitting headache, I had covid in November and was negative in December. This is what they call a relapse of symptoms.
These people should be forced to sign a waver saying they won‚Äôt get hospital treatment. Fuck them.

Also, I don‚Äôt mind staying inside for a year to save other people‚Äôs lives. But then again I‚Äôm not a narcissistic conservative who thinks the world revolves around me and there will never be any consequences.",kw26sh
"Hey, I like my basement.",kw26sh
Nothing even close,kw26sh
It means 45% bean inbred.,kw26sh
It's almost 5 times higher,kw26sh
"refers back to this other person's line:

> They‚Äôre called the incest state for a reason

To wit: In a state rife with incent (e.g. Alabama) situations where ""my daddy is also my uncle"" would happen more frequently",kw26sh
"You think they should have to sign a waiver for no healthcare because they celebrated their team winning, while outside? Oh the hypocrisy. 

Look just because you either started with a shit body or didn‚Äôt take care of the one you were given doesn‚Äôt mean everyone else now has to change for you. Some of you immunocompromised people are the most selfish people in the world. You should have thought about that when you spent the last ten years eating doughnuts.

Believe me we all know you don‚Äôt care about staying inside for a year or the rest of your life for that matter it‚Äôs what you were planning on doing anyway.",kw26sh
Depends on what you deem as ‚Äúclose‚Äù but [76 arrests and over 2000 in the streets of LA](https://www.latimes.com/california/story/2020-10-12/76-arrested-in-downtown-la-following-lakers-win).,kw26sh
Where is the goverment ??? It‚Äôs seems since nov no one In dc cares about it. What is going on in Cali is a crisis,kvxnt3
‚Ä¶ plus Disneyland.,kvxnt3
I just got an appt for Friday at the county fairgrounds.,kvxnt3
Why wasn‚Äôt this the plan all along?,kvxnt3
They‚Äôre also going to open up an area of Disneyland soon to give the vaccine.,kvxnt3
Makes a lot of sense. These facilities have large parking areas etc. it be fairly straightforward to have them drive thru the ticket booths and be screened for the info and given a ticker. Then directed to a line to be given their jab.,kvxnt3
Amen to that. Soon as we get herd immunity (90% vaccination) I'm taking my family back to Disneyland. Disney really did a great thing here.,kvxnt3
Get your shots but keep on the social distancing and mask train.,kvxnt3
"I signed up as a birth doula for an appt tomorrow. My friend who is a birth and a postpartum doula got her first dose today. I‚Äôm going to take my training certificates, my ID and my last contract. I have no intention of skipping the line but if I quality, honestly, I‚Äôm going to get it. There were a ton of appt slots available, but I don‚Äôt know how that will shake down.",kvxnt3
Good! At least some states are getting the vaccine out there.,kvxnt3
"I got mine at the baseball stadium yesterday. It was very well organized and no line. But, I was the first batch of appointments and friends have told me there are no open appointments at this time. You need to check first thing in the morning.",kvxnt3
"The vaccine situation in my state is equally botched. Yesterday, the state's emergency app (which has been used since March to report COVID cases daily) notified everyone that those between 18-64 years old with pre-existing conditions could sign up to get vaccinated. Naturally, many people (myself included) rushed to the health department's website to sign up.

Within 5 minutes, the whole site crashed. The HD tweeted out a phone number you could call to make appointments through, but calling the number just gave you an automated message to register online. 

Today I hopped on the website again, and I'm currently in a 10k person queue to register. The vaccine NEEDS to get out to the general population, but so many states lack both the competent leadership and adequate infrastructure to do so effectively.",kvxnt3
But mandatory masks and shutdowns...,kvxnt3
Can I get a fast pass? /s,kvxnt3
What government?  Fed or state or what?    It's the county gov doing it where I live in California.,kvxnt3
Think how we felt in NY in march,kvxnt3
Absent for the past four years. The House of Representatives has been active but that's about it. A lot of the executive agency has been encumbered or dismantled. Very frustrating for the States. Outdated intel may have been compromised. But the nation shall remain standing. All in the name of the general Welfare and domestic Peace. Eight more days for a complete system update.,kvxnt3
"The Republican Party is the party of small government, remember? In other words, it‚Äôs your responsibility to take care of distributing vaccines. Pull up your bootstraps, kid!",kvxnt3
I know Newsom requested federal backup but that request has been sitting for a week now. It‚Äôs really disappointing.,kvxnt3
...I wanna get vaccinated at Disneyland. Like drive through Main Street to arrive in Adventure Land to have it injected by blow-dart or something,kvxnt3
"Waiting iist for vaccines is like 2 months out at Disneyland, but you can get an appointment tomorrow if you buy one of those Fast Pass thingamabobs.",kvxnt3
Are you a healthcare worker?,kvxnt3
My parents got it last week in CA (work in healthcare) and they were in line for 6hrs at the fire station even though they had an appointment. I sure hope these mega sites are operated more efficiently.,kvxnt3
Right? This should be the norm all over the U.S.,kvxnt3
Amen.,kvxnt3
It would be sick if they gave healthcare workers fastpasses from the fast pass machines like they used to.,kvxnt3
Federal  I can‚Äôt comment on the states but it seems the federal side gave up on any restrictions and help.  Like we have the vaccine  in play now let‚Äôs get strict and start controlling the spread we slow the spread and get the vaccine out we may beable to have a normal summer and help get the economy flowing,kvxnt3
And michigan too,kvxnt3
Thank the lord!,kvxnt3
"Splash Mountain, except you plunge 50ft into a puddle of vaccine",kvxnt3
That sounds fun. But what to do with the syringe after...,kvxnt3
Haha. And 10 day vaccine passes are better deal than 3 day vaccine passes,kvxnt3
"No.  This is for some middle tier, I think.",kvxnt3
It should totally be. I‚Äôm so fucking annoyed it isn‚Äôt rn,kvxnt3
"Well Mr Trump has quit doing anything constructive, so the Fed is kind of at a standstill on lots of things.  He is useless.",kvxnt3
We‚Äôre going to have to wait for Cheeto Mussolini to vacate the office before the Feds start doing anything serious about COVID. With any luck we can have an actual national response instead of an ineffective patchwork of state and local responses.,kvxnt3
"What country are you talking about? Coz if you‚Äôre talking about the US, ummm....... the federal government is run by a dude who doesnt believe in masking.",kvxnt3
The federal government could organize deployments of the national guard to set up vaccination tents and get the vaccine distributed 24/7. They have the resources and people to do that and it would easily pay for itself. There's just no fucking leadership and vaccine doses are just sitting around in storage.,kvxnt3
Cokehead‚Äôs wet dream,kvxnt3
Give it to junkies in downtown LA.   Recycling!,kvxnt3
How did you get an appointment?,kvxnt3
"Worse than useless, it‚Äôs criminal sabotage",kvxnt3
He quit doing anything?  More like he never even started and now he is going into active sabotage mode.  God I can't wait for that baboon to vamoose.,kvxnt3
And how do they recycle them? Bring them back to disneyland!,kvxnt3
"I think CDC guidelines have been/are being revised to allow vaccination for everyone there‚Äôs capacity for, with prioritization first for elderly and hospital workers, then other essential workers, then for non-essential workers under 65. 

Before it was limited solely to elderly and hospital workers, but because of the slow uptake they‚Äôre in the process of expanding that. Things vary from state to state at the moment.",kvxnt3
"Are you in Fresno County?  I  can give you the link.
Otherwise start with your county health department.",kvxnt3
One might even call it... obstructive.,kvxnt3
I think what their asking is how did you actually sign up for the appt itself,kvxnt3
"Just curious...if the guidelines now state that it's open for everyone, yet we still have priority groups....how are they ensuring that those in priority groups come first?  We don't have enough for everyone.",kvxnt3
I‚Äôm Fresno County. Do you have a link?,kvxnt3
"The decisions are being made state-by-state and are kind of ad-hoc, an episode of the NYT podcast The Daily went into details between two states a few days ago. Basically they're looking at initial uptake of the vaccine from the most prioritized groups (elderly and healthcare workers), and then expanding the availability to more people if they have a huge surplus of vaccine.

The actual details of how that's happening, and the messaging around it from governors and CDC, varies hugely depending on the state though. Everyone was expecting to run out of the initial supply of vaccine very quickly, and when that didn't happen they just had to start changing their plans on the fly. 

So far as I know, CDC guidelines still state that the vaccines should be prioritized only to the most vulnerable groups, and they're in the process of revising that because states are saying that those guidelines aren't working - but CDC may have already changed their guidelines and I just haven't seen that.",kvxnt3
"Sent you one privately.  Chat, I think.",kvxnt3
"Ahhh gotcha.  So it only goes to other groups if there is a surplus.  Makes sense.  I wasn't under the impression that there was a very large surplus in many cases, but I'd be excited to hear that we have more than initially expected.",kvxnt3
