title,score,id,subreddit,url,num_comments,body,created
List of Telehealth/Virtual Visit Options,226,g0h1yc,CoronavirusUS,https://www.reddit.com/r/CoronavirusUS/comments/g0h1yc/list_of_telehealthvirtual_visit_options/,45,"Some of these require a specific insurance; most do not. Most are relatively affordable.

*Please add to this list if you know of any additional resources!*

Teladoc - https://www.teladoc.com/

Zocdoc - https://www.zocdoc.com/about/coronavirus-covid-19/

LiveHealth Online - https://livehealthonline.com/

Doctor on Demand - https://www.doctorondemand.com/

MDLive - https://www.mdlive.com/

CVS - https://www.cvs.com/minuteclinic/virtual-care/video-visit

United Health (insurance provider; for members)	- https://www.uhc.com/individual-and-family/member-resources/health-care-tools/virtual-visits

Blue Cross Blue Sheild - Instructions to sign up for virtual visits (for members) - https://www.bcbstx.com/find-a-doctor-or-hospital/virtual-doctor-visit

Cigna Telehealth Connection - https://www.cigna.com/individuals-families/member-resources/telehealth-connection-program

Humana Virtual Visits - https://www.humana.com/manage-your-health/home-and-community-support/telemedicine#

Kaiser Permanente (insurance provider; for members)	- https://my.kp.org/shbp/kp-now-telemedicine-appointment/

CareClix - https://www.careclix.com/covid19

MeMD - https://www.memd.net/

AmWell - https://amwell.com/cm/how-it-works/

Virtuwell - https://www.virtuwell.com/how-it-works
	
One Medical - https://www.onemedical.com/virtual-care/

K Health - https://www.khealth.ai/

Roman Health - https://www.getroman.com/coronavirus/

PlushCare - https://plushcare.com/

HealthTap - https://www.healthtap.com/for-members

Providence - https://virtual.providence.org/index.html",1586805537.0
"""How Concerned Are People in Your State?"" Post Grocery Store + Local Opinions Here.",55,kdsqzj,CoronavirusUS,https://www.reddit.com/r/CoronavirusUS/comments/kdsqzj/how_concerned_are_people_in_your_state_post/,128,"Separated by region! Please specify which State in your post.

Coronavirus Self-Checker https://www.cdc.gov/coronavirus/2019-ncov/symptoms-testing/testing.html

Map of Current Coronavirus in the US - https://www.nytimes.com/interactive/2020/us/coronavirus-us-cases.html

Comprehensive List of Departments of Public Health, by State - https://www.reddit.com/r/CoronavirusUS/comments/ff1wp5/comprehensive_list_of_departments_of_public/",1608090010.0
Dollar General will pay staff to get COVID-19 vaccine,874,kwhsfc,CoronavirusUS,https://www.axios.com/dollar-general-pay-staff-covid-19-vaccine-633fd5b5-9afe-44d0-af36-9c7da52e0f03.html,30,,1610577926.0
"Dear Alabama, Why?!?",687,kw26sh,CoronavirusUS,https://i.redd.it/1faj3rbk7za61.jpg,110,,1610518625.0
"Overwhelmed by COVID-19 surge, California is turning stadiums into mass vaccination hubs",868,kvxnt3,CoronavirusUS,https://thehill.com/changing-america/well-being/prevention-cures/533791-overwhelmed-by-covid-19-surge-california-is,54,,1610505546.0
